SMILES;MP_exp;MP_EPI
FC(F)(F)F;-184;-164.82
CCO[SiH](OCC)OCC;-170;-44.67
CC1CCC1;-161.5;-97.74
FC(Cl)(Cl)F;-158;-110.43
C=C=O;-151;-139.04
CCS;-148;-102.09
C=CC(=C)C;-146;-118.89
CC1CCC(C1)(C)C;-142;-56.35
CC(=C)Cl;-138;-117.62
CC/C(=C/C)/C;-138;-103.1
CCCC;-138;-120.28
CC/C=C/C;-136;-107.14
CCC(C(=C)C)C;-134;-103.2
CC=C1CCCC1;-130;-62.86
CCC/C(=C/C)/C;-129;-90.29
C[SiH](c1ccccc1)C;-124;-52.69
CCC[C@H]1CCC[C@@H]1C;-123;-52.41
COC=C;-122;-115.96
CCCC(CCC)C;-121;-80.1
CCCC(CC)C;-119;-92.81
CCCCC(C)C;-118;-92.81
CCCC(C(C)C)(C)C;-117;-73.25
CCSCCC;-117;-69.07
CCCCS;-116;-76.43
CC[Si](O[Si](CC)(CC)CC)(CC)CC;-115;-7.18
CCCCCC(C)(C)C;-113;-61.6
CC/C=C/CC;-113;-94.13
CCCCC(CCC)C;-113;-67.64
CCCCCC(CO)C;-112;-25.5
CC(=O)Cl;-112;-80.5
CC(C(C)C)C(C)C;-110;-103.67
CC1(C)CC1;-109;-88.73
[O-][N+](=O)CCC;-108;-26.19
CC1CC(C)CC(C1)C;-107.4;-57.59
FC(I)(Cl)Cl;-107;-47.59
O=C=C=C=O;-107;-109.3
CC(=CC(C)(C)C)C;-106;-83.43
CCC(N)(C)C;-105;-51.91
CCCCCCF;-103;-92.83
CCC#CCC;-103;-35.55
CCCC(CC(O)C)C;-102;-38.64
CC(C(C(C)C)(C)C)C;-102;-84.98
FC(C(Cl)F)Cl;-101.2;-106.39
CC1=NCCS1;-101;4.93
OCCS;-100;-45.59
COCC(O)C;-100;-57.94
CCOCC(O)C;-100;-45.61
CCCc1ccccc1;-100;-34.98
CCC(OC(=O)C)C;-99;-68.43
CCOC(=O)CC(C)C;-99;-56.05
CCCCC/C=C\Br;-98;-30.27
FC(C(C(Cl)(F)F)(F)F)Cl;-97;-94.86
CCCCOCCCC;-95;-50.42
FC(C(Cl)(F)F)(Cl)F;-94;-101.43
ClC1CCCC1;-94;-68.47
CC(=O)C(C)C;-92;-79.46
[N-]=[N+]=O;-90.8;270.73
CC(CC(O)C)C;-90;-62.85
CN1CCCC1;-90;-49.97
CCCCc1ccccc1;-88;-23.28
C=CC=O;-87;-94.61
CCC(=O)C;-87;-80.48
CP(C)C;-85;-113.56
CCCCOC(=O)/C=C/C(=O)OCCCC;-85;-28.21
CCCCC(CC)(O)C;-83;-24.06
CCc1ccccc1Cl;-83;-15.66
CCCC(CCC)(O)C;-82;-24.06
CCCCCCS;-81;-51.82
CCCC(CC(C)C)O;-81;-38.64
C[Si](O[Si](C)(C)C)(O[Si](C)(C)C)C;-80;-53.16
FC(N1C(F)(F)C(F)(F)OC(C1(F)F)(F)F)(F)F;-80;-8.12
CC(COC(=O)Cl)C;-80;-55.7
CC(C(Cl)C)Cl;-80;-82.58
[N-]=[N+]=N;-80;293.45
CCCOCC(O)C;-80;-33.54
C[SiH](O[SiH](C)C)C;-78;-110.63
CCCCCCOC(=O)CCC;-78;-9.5
FC(C(C(C(F)(F)F)(F)F)(F)F)(C(C(C(F)(F)F)(F)F)(F)F)F;-78;-73.61
FC(C(Cl)(F)F)Cl;-78;-103.82
COC(=O)C(F)(F)F;-78;-98.37
CCCC(=O)C;-78;-67.65
C[C@@H]1CCC[C@@H](C1)C;-76;-65.83
C/C=C/C=O;-76;-80.57
CCCCCOC=O;-73.5;-48.03
CC(Cc1ccccc1C)C;-73.3;-16.55
ClC(=C(C(Cl)(Cl)Cl)Cl)Cl;-73;-2.81
CCC(Cl)(C)C;-73;-86.33
CCCCCCCF;-73;-80.03
C1COC=CC1;-70;-71.85
CCCCCCCOCC;-68.3;-38.4
CC(C=O)CC;-67.38;-79.26
CCCCCCC(=O)OCC;-66;-20.94
O=C(C(F)(F)F)OCC(F)(F)F;-65;-88.39
C/C=C/C(C(/C=C/C)C)C;-64.8;-67.95
CC(c1cccc(c1)C(C)C)C;-63;-16.12
CCc1ccccn1;-63;-13.81
CC1=CCC2CC1C2(C)C;-62;-13.62
CCCCCCc1ccccc1;-61;-0.67
CCCCCCCCC(=O)Cl;-61;4.74
F[B-]([O+](CC)CC)(F)F;-60.4;
Cc1ccnc(c1)C;-60;-7.55
CCN(c1ccccc1C)CC;-60;16.04
NCCC(C)C;-60;-57.81
NCCCN(CC)CC;-60;0.69
ClCCCBr;-59;-45.63
CCOC(=O)C(=O)C;-58;-31.21
CCCCCCCOC(=O)CCC;-57.5;1.67
ClC(=O)C(C)(C)C;-57;-47.97
FC(C(F)(F)F)(Cl)Cl;-56.6;-101.43
CCCCCCCCOC(=O)CCC;-55.6;12.58
CCCCCCCCCC(CC)C;-53;-20.46
CC1CCCCC1C;-49.9;-65.83
C1=CCC=CC1;-49;-80.1
CCCCCC(C=C)O;-49;-28.78
NC1CCCCCCC1;-48;-5.79
BrB(Br)Br;-46;222.9
Clc1ccccn1;-46;-12.6
CCCCCCOC(=O)C=C;-45;-22.26
CCC(COC(=O)CCCCCCCC(=O)OCC(CC)CC)CC;-45;-1.56
Cc1cc(C)cc(c1)C;-45;-22.46
FB(N(C)C)N(C)C;-44.3;-78.1
O=C=NS(=O)(=O)Cl;-44;34.1
OCC(F)(F)F;-44;-91.03
CCOCCOCCOCC;-44;-15.22
C1CCOCO1;-42;-63.61
c1cccnc1;-42;-44.54
SCCS;-41;-59.59
Cc1cccc(c1)C(C)(C)C;-41;-10.17
O=Cc1ccccc1C(F)(F)F;-40;-6.21
C1CCC2C(C1)NCCC2;-40;27.48
O=C1CCCCCC1=O;-40;31.38
CCCCCCCCCCCC[Si](OC)(OC)OC;-40;63.39
CCCCCCCCCCOC(=O)c1ccccc1C(=O)OCCCCCCCC;-40;115.29
CCOP(=O)(OP(=O)(OCC)OCC)OP(=O)(OP(=O)(OCC)OCC)OCC;-40;90.27
CCCCCCCCOC=O;-39.1;-12.21
C=Cc1ccc(cc1)C(C)(C)C;-38;-0.04
CCN(c1ccccc1)CC;-38;-1.4
COc1ccccc1;-37;-41.21
CC1CCC(CC1)C;-36.9;-65.83
C#CC#C;-36.4;-67.86
FB(c1ccccc1)F;-36.2;-75.75
C=Cc1ccc(cc1)F;-36;-43.25
CCCCCCCC(O)C;-35;-15.89
C=Cc1cc(C)ccc1C;-35;-12.09
OCCC(C(C(C(C(C(F)(F)F)(F)F)(F)F)(F)F)(F)F)(F)F;-35;-16.4
[O-][N+](=O)C1CCCCC1;-34;16.42
Nc1ccccc1C(F)(F)F;-34;9.58
BrCCCBr;-34;-27.04
BrCOCBr;-34;-21.31
ClCCOCCOCCCl;-32;5.44
CC(=O)OCC(OC(=O)C)C;-31;-94.6
CCC(=O)NC;-30.9;31.67
CC(c1ccc(cc1)C(=C)C)C;-30.6;-15.03
CC1CC(C)(C)CC(C1)(OOC(C)(C)C)OOC(C)(C)C;-30;86.3
N1CCc2c(C1)cccc2;-30;41.67
CCCCCCCCCC;-30;-44.13
[O-][N+](=O)C;-29;-51.68
CC(NCc1ccccc1)(C)C;-28;20.53
C=CC(O)(C)C;-28;-62.39
ClC(C(Br)Cl)Br;-26;-5.13
Cc1ccccc1[Si](Cl)(Cl)Cl;-25.5;23.36
FC(C(C(C(F)(F)F)(F)F)(F)F)(C(C(C(C(F)(F)F)(F)F)(F)F)(F)F)F;-25;-58.65
CCCC(c1ccccc1)c1ccccc1;-25;42.31
CC(C(c1ccccc1)C(C)C)C;-24.5;-21.99
CCc1ccc(cc1)Cc1ccccc1;-24;56.31
Cc1cccc2c1cccc2;-22;22.15
CCCCCCCCCCCCC(CC)C;-22;12.15
C#CCCCCCC#C;-21;-4.67
CCCCCCCCCOCC;-20;-15.15
NCCN1CCNCC1;-19;53.69
ClC/C=C/c1ccccc1;-19;-5.23
Cc1ccc(cc1)C(=O)C;-19;7.85
COC(=O)/C=C\C(=O)OC;-19;-95.85
CCOC(=O)CCCCCCCC(=O)OCC;-18.5;-16.74
COc1cccc(c1)O;-18;25.15
C1C/C=C/CC/C=C/CC/C=C/1;-17;-15.21
Cc1ccc2c(c1)cccc2C;-16.9;39.02
CCOc1ccccc1F;-16.7;-24.14
FC(C(C(C(C(F)(F)F)(F)F)(F)F)(F)F)(C(C(C(C(F)(F)F)(F)F)(F)F)(F)F)F;-16;-43.99
Brc1cc(cc(c1)C(F)(F)F)C(F)(F)F;-16;7.44
Cc1ccc(c(c1)C)N;-15;29.14
CC(c1cccc(c1O)C)C;-14.5;38.1
Cc1ccc2c(c1)c(C)ccc2;-13.9;39.02
ClCc1ccccc1Cl;-13;3.43
CC(=O)O[Si](OC(=O)C)(C)C;-12.5;-91.52
O=C1CC2C(C1)CCCC2;-12;11.49
C1CCCNC1;-11;-24.69
BrCCCCCCCCCCCBr;-10.6;60.8
CCCCCCCCCCCC;-10;-20.85
CCCCC(COC(=O)/C=C/C(=O)OCC(CCCC)CC)CC;-10;28.94
OCCNCC;-9;-23.63
CCCCCCCCCCCBr;-9;15.61
CNNC;-9;-65.64
CCCCCCCCCCCCC(C)C;-8;1.54
CN(c1ccccc1)c1ccccc1;-7.5;50.47
Cc1cccc(n1)C;-7;-7.55
CC(c1cc(cc(c1)C(C)C)C(C)C)C;-7;12.51
CCCCCCCCCCCCCC(=C)C;-7;13.02
CC1CCC(C(=O)C1)C(C)C;-6;-1.82
CCc1ccccc1c1ccccc1;-6;51.59
CCCCCCCCCCC#N;-6;22.09
OC(=O)C(Cl)(Cl)C;-5;23.14
CCCCCCCC(CC)O;-5;-4.61
COS(=O)(=O)c1ccccc1;-4;65.78
CCOC(=O)C(CC)Br;-4;-17.6
O=C=Nc1cccc(c1)Cl;-4;-6.23
OCCOCCOCCOCCO;-4;82.91
ClCCN(CCCl)CCCl;-4;22.51
ClC(I)I;-4;-17.69
ClC(=O)c1ccccc1Cl;-4;32.65
OCCOc1ccc(cc1)C(CC(C)(C)C)(C)C;-4;95.66
OOC(C)(C)C;-3;-41.4
ClCc1ccc(cc1Cl)Cl;-3;33.32
CC(=O)c1ccc(c(c1)C)C;-3;25.29
CCCC#CCCCC(=O)O;-3;81.07
CCCCC(=O)c1ccc(cc1)C;-2;40.61
ClC1CCCCC1Cl;-1.5;-32.57
COC(=O)c1cc(C)ccc1O;-1;65.99
CCOC(=O)CCCOc1ccc(cc1C)Cl;-1;92.05
O;0;146.26
C=Cc1cccc(c1)O;1;25.82
CCCCCCCCCCCI;2;21.98
OCCN1CCOCC1;2;36.07
CC(c1cccc(n1)C(C)(C)C)(C)C;2;43.1
CCCCCCC(=O)CCCC;2;3.83
Fc1cccc(c1)[N+](=O)[O-];2;25.38
CCOc1ccccc1[N+](=O)[O-];2.2;63.43
CCCCCCCCCCOC(=O)c1ccccc1C(=O)OCCCCCCCCCC;2.5;135.59
CC(CCCC1(C)CCc2c(O1)c(C)c(c(c2C)O)C)CCCC(CCCC(C)C)C;3;202.73
CCOP(=S)(Oc1ncn(n1)c1ccccc1)OCC;3.5;87.49
OCc1ccccc1C(F)(F)F;4;10.24
ClC([N+](=O)[O-])([N+](=O)[O-])[N+](=O)[O-];4.5;23.61
COC(=O)c1ccccc1C(=O)OC;5;-22.74
Fc1c(F)c(F)c(c(c1F)F)F;5;-48.51
ICI;6;-34.26
OC(=O)CC(C)(C)C;6;21.61
CC(=O)NCCS;6.5;67.86
CCCCc1ccc(cc1)c1ccccc1;7;70.78
N1CCC(CC1)Cc1ccccc1;7;70.84
COCC(=O)c1ccccc1;8;18.47
CC[Si](OC(=O)C)(OC(=O)C)OC(=O)C;8;-33.74
OCCc1ccncc1;9;38.49
CC/C=C/C(=O)O;9;14.04
CCOC(=O)c1cccnc1;9;32.23
Cc1ccccc1S(=O)(=O)Cl;10;75.29
COc1ccccc1[N+](=O)[O-];10;52.94
CCCCCCCC(=O)OC(COC(=O)CCCCCCC)COC(=O)CCCCCCC;10;112.57
CCC(c1ccccc1O)C;10;38.56
NCCN;10;-23.8
OC(C(F)(F)F)(C(F)(F)F)c1cccc(c1)C(C(F)(F)F)(C(F)(F)F)O;10;57.4
Cc1ccnc2c1cccc2;10;54.65
Fc1ccc(c(c1)F)[N+](=O)[O-];10;27.96
Cc1cccc(c1)O;11;15.69
Cc1ccc(cc1)C[N+](=O)[O-];11.5;49.02
CC1CC(C)CC(C1)O;11.6;-17.69
Cc1ccc(cc1)C;12;-40.69
Fc1c(F)c(F)c(c(c1F)Br)Br;12;25.36
Cc1nc2c(s1)cccc2;12;63.79
ClCCCOc1ccccc1;12;12.31
CC(=O)Oc1cccc(c1)C;12;5.75
C=Cc1ccccc1[N+](=O)[O-];13;47.91
O=C1CCCN1C1CCCCC1;13;76.7
CCCCCCCC=O;13;-31.08
CCC(c1ccccc1)c1ccccc1;14;31.71
COC(=O)c1ccc(cc1)C(F)(F)F;14;3.83
CCOc1ccc(cc1)C=O;14;23.86
Fc1ccc(c(c1)C)N;14.2;16.84
Cc1ccc(c(c1)Br)N;15;52.78
O=CC=O;15;-66.69
C=CC(C(C=C)O)O;15;-13.58
CC(C(Br)(C)C)Br;15;-19.53
CC(=O)[C@@H](O)C;15;-37.95
C=CCc1ccc(cc1)O;15.8;37.01
CCCCCS(=O)(=O)O;15.9;68.55
O=Cc1c(F)cccc1F;16;-11.68
CCCCCCCCCCCCCCCCC=C;16;29.57
ClCCCC(=O)O;16;33.74
OCCN=C(O)C;16;-5.6
O1CCOCCOCCOCC1;16;17.83
C[Si](N([Si](C)(C)C)c1ccccc1)(C)C;16.5;17.56
COc1cc(Cl)ccc1O;17;51
CCOC(=O)C(C(C(=O)OCC)O)O;17;3.82
COC(=O)CC(=O)CC(=O)OC;17;-46.62
CCOC(=O)/C=C/N(C)C;18;-22.85
C#CC(N)(C)C;18;-25.93
CN(CCN(C)C)CCN(C)C;18;10.46
O=C1C=COC1C;18;-21.76
ClC(=O)c1ccccc1O;19;61.55
CCCCCCCCCCC(=O)C;19;14.81
Clc1ccc(cn1)F;19;-7.54
CCOc1snc(n1)C(Cl)(Cl)Cl;19.9;101.86
CCCCCCCCCCCCCCCCCC(=C)C;20;35.03
OCCN1CCCC1=O;20;75.34
COc1cccc(c1CBr)F;20;30.89
COc1cc(F)c(c(c1)F)F;20;-26.07
Brc1ccc(cc1)N=[N+]=[N-];20;180.52
COS(=O)(=O)C;20;-2.32
C/C=C/C(=O)c1ccccc1;20.5;11.89
C#Cc1ccc(cc1)C;21;-3.08
ClC(C(=O)c1ccccc1)Cl;21;32.57
Oc1cc(cc(c1)C(F)(F)F)C(F)(F)F;21;29.31
Cc1ccccc1Oc1ccccc1;21.7;51.91
CCCCCCCCCCc1cc(sc1c1sc(cc1CCCCCCCCCC)c1nc2ccccc2c(c1)c1ccccc1)c1nc2ccccc2c(c1)c1ccccc1;21.85;349.84
CCCCCCCCCCCCCCCC(=O)O.N;22;
Clc1c(N)cccc1Cl;22;46.15
CCCCCCCCCCCCCCCCCC(=O)OCC1CCCO1;22;141.91
N#Cc1cccc(c1C)Cl;22;40.19
C[Si](C#C[Si](C)(C)C)(C)C;22;-14.26
CCCS(=O)CCC;22.5;-2.51
FC(c1ccccc1S(=O)(=O)Cl)(F)F;23;72.41
CCOC(=O)CC(C(F)(F)F)O;23;-18.2
N#CCc1ccccc1Cl;23;38.94
CC(Cc1ccccc1)(O)C;24;19.44
CCCCCc1ccc(cc1O)C;24;67.82
C[Si](P([Si](C)(C)C)[Si](C)(C)C)(C)C;24;-58.84
Brc1ccc(c(c1)Cl)Cl;24;37.15
CCCCCCCCCCCC(=O)Oc1ccccc1;24.5;90.02
CCCCCCCCCC(=O)OC(=O)CCCCCCCCC;24.7;81.59
C#CC1(O)CCCC1;25;11.08
CC(C(O)C)O;25;-34.4
Cc1cc(Cl)c2c(n1)cccc2;25;73.11
CCC(c1ccc(c(c1)C(CC)(C)C)O)(C)C;25;89.03
Oc1cccc(c1)C(C)C;26;27.49
O=C(Cc1ccccc1)OCCc1ccccc1;26.5;89.4
Ic1ccccc1I;27;42.23
Brc1sc(c(c1)Br)Br;27;77.03
CCN(C(=O)C(Cl)(Cl)Cl)CC;27;53.04
CCCCCC(=O)c1ccccc1;27;34.36
S=C=Nc1ccc(cc1C)C;27;51.65
NCCC(c1ccccc1)c1ccccc1;27;92.41
CCCCCCCCCCSCCCCCCCCCC;27;88.71
Cc1ccc2c(n1)c(C)ccc2;27;63.11
CCCCCCCCCCCCCN;27.4;45.6
CCCCCCCCCCCCN1CC(CC1=O)C(=O)OC;27.5;153.65
Cc1sc(c(n1)c1ccccc1)C;28;96.04
N#CCC(=O)OCc1ccccc1;28;62.39
CCOc1ccc(cc1)I;28;29.78
Fc1c(N)cc(c(c1F)F)F;28;14.39
CCOP(=S)(SCC(=O)NC(C)C)OCC;28.5;86.26
CCCCCCCCCCCCCCCCCCCl;28.6;58.57
O=C1CCCCC1Cc1ccccc1;29;63.43
Brc1ccc(cn1)F;29;13.99
O=NN1CCOCC1;29;15.93
CCCCCCCCCCCCCCCCCCC(c1ccccc1)C;29;123.85
O=C1CCSc2c1cccc2;29;74.87
C=Cc1ccccc1O;29;25.82
N#Cc1cccnc1F;29;20.71
CS(=O)c1ccccc1;29;28.36
Cc1cc(C)c(c(c1)C)I;29;36.62
OCCS(=O)(=O)C;29;43.89
CCOc1cc(C)ccc1O;29;51.22
Cc1ccc(cc1C)c1ccccc1;29.5;57.84
C1CN2[C@H]3N1CCN1[C@H]3N(CC2)CC1;30;97.61
CCOC(=O)Cc1ccc(cc1)Br;30;59.96
[O-][N+](=O)c1ncccc1OCC;30;75.9
CCOC(=O)C(=Cc1ccccc1)C(=O)OCC;30;2.56
OCCOc1ccc(cc1)Cl;30;51.73
CCOC(=O)C(c1ccccc1)(c1ccccc1)O;30;118.45
O=C=Nc1cc(Cl)cc(c1)Cl;30;24.19
N#CCc1ccc(cc1)Cl;30;38.94
Oc1ccc(c(c1)C)F;30;20.87
C/C=C/C=C/CO;30.5;-39.09
Clc1ccc(cn1)C(F)(F)F;31;3.27
Clc1ccc(c(c1)Cl)[N+](=O)[O-];31;65.67
CCCCCCCCCCS(=O)(=O)Cl;32;89.89
ClCc1cccc2c1cccc2;32;49.86
N#CCc1cc(ccc1Cl)C(F)(F)F;32;54.38
COc1cccc(c1Cl)Cl;32;20.65
ClC(=O)c1cccc(c1)[N+](=O)[O-];33;79.05
CC(=O)Oc1cccc(c1C)C(=O)Cl;33;72.23
CCC(=O)C(=O)O;33;28.81
CCCCCCC(=O)CCCCCC;33;25.54
O=C([C@@H]1CCCC[C@@H]1C(=O)O)OC(=O)[C@H]1CCCC[C@H]1C(=O)O;34;188.24
BrCCCCCC(=O)O;34;62.8
FC(C(C(C(C(C(C(=O)O)(F)F)(F)F)(F)F)(F)F)(F)F)F;34;26.82
Cc1ccc(c(c1)[N+](=O)[O-])O;34;83.9
COc1ccc(c2c1cccc2)C=O;34;86.78
CC[C@@H]1C(=O)OC[C@@H]1Cc1cncn1C;34;125.37
COc1ccc(c(c1F)F)CN;34;33.75
OCCCCCCCCCCCCBr;34;73.1
Nc1cc(cc(c1Br)C(F)(F)F)C(F)(F)F;35;53.01
CCOC(=O)C(c1ccccc1)O;35;47.51
Cc1onc(n1)c1ccccc1;35;74.47
COc1cc(ccc1C#N)OC(F)(F)F;35;51.09
CCCCCCCCCCCCCC(O)C;35;39.67
COc1cc(Br)ccc1O;35;60.46
CNc1ccccc1[N+](=O)[O-];35;60.96
Nc1ccc(c(c1)I)C;36;68.85
CN[C@H]([C@@H](c1ccccc1)O)C;36;40.5
[O-][N+](=O)C1(CCCCC1)[N+](=O)[O-];36;66.9
CCOC(=O)C1CC(=O)C(=C(C2CC2)O)C(=O)C1;36;147.05
Clc1ccc2c(c1Cl)cccc2;36;63.4
FC(c1cc(cc(c1)S(=O)(=O)Cl)C(F)(F)F)(F)F;36;75.67
COC(=O)CC(=C)C(=O)OC;36;-93.34
ClCc1cc(Cl)cc(c1)Cl;36;33.32
CCCC(n1nc2c(n1)cccc2)C(=O)OCC;36.5;127.13
O=C(c1ccccc1)OOC(=O)C;37;-39.89
CCCC(=O)c1ccc(cc1)F;37;18.07
CC(c1ccc(cc1)Br)O;37;43.5
BrCc1ccc(cc1Cl)F;37;26.77
C=Cc1ccc(cc1)C(=O)C;37;17.75
O=C=Nc1c(C)cccc1C(C)(C)C;37;27.85
ClC(=O)c1ccc(c(c1F)C)F;37;23.41
CC1(CCOCO1)c1ccccc1;37.5;43.51
c1ccc(cc1)NCc1ccccc1;37.5;64.55
[O-][N+](=O)c1ccc(cc1Cl)S(=O)(=O)Cl;38;135.28
CC(CC(=O)O)O;38;33.91
OCCS(=O)(=O)CC;38;54.65
CCCCCCCCCCC(CCC)O;38;29.05
C#CC(COc1cccc(c1)Cl)O;38;76.3
CC1C(=O)C2(C(C1CC2)(C)C)C;38;35.78
OCc1cc(F)ccc1C;38;17.36
CC(c1ccccc1)CC(=O)O;38;70.46
CCCCCCCCCCCCCCO;39;49.43
O1CCOCCOCCOCCOCCOCC1;39;86.05
COC(=O)c1ccc(cc1O)F;39;54.27
Fc1ccc(c(c1)N)C;39;16.84
COc1cccc(c1C)OC;39;12.07
O=C1OCCO1;39.5;12.9
CSc1nc(Cl)cc(n1)Cl;40;71.35
Brc1ccc(nc1)C(F)(F)F;40;24.65
O=C=Nc1cc(OC)ccc1OC;40;32.37
O=C1CCc2c1cccc2;40;35.39
OC(=O)CC(C(F)(F)F)(O)C;40;33.11
[O-][N+](=O)c1cccc(c1C)Br;40;71.53
CCCCCCCCCCCCCCCCCC(=O)OCCOCCOCCOCCO;40;203.11
CCCCCCCCCCCCOC(=O)CCSCCC(=O)OCCCCCCCCCCCC;41;155.21
CCOC(=S)N;41;9.01
O=C1CCCCCCC1;41;-8.5
OC(=O)C[Si](C)(C)C;41;18.55
COP(=S)(Oc1cc(Cl)c(cc1Cl)Cl)OC;41;53.11
COc1cc(Br)cc(c1)Br;41.5;52.48
ClCC(C(=O)O)(C)C;41.5;32.15
CCCCCCCCCCCCCCCCCCC1CCCCC1;41.6;103.09
OC1CCCCCCCCC1=O;42;54.67
[N-]=[N+]=NS(=O)(=O)c1c(cc(cc1C(C)C)C(C)C)C(C)C;42;243.56
CCCCCc1ccc(cc1)S(=O)(=O)Cl;42;111.3
Oc1cccc(c1)Oc1ccccc1;42;93.04
COC(=O)c1ccc(cc1)Cl;43;18.45
N1CCN(CC1)Cc1ccc2c(c1)OCO2;43;122.9
c1ccc(cc1)[SiH](c1ccccc1)c1ccccc1;43;87.35
C1=CC2C3(C1c1c2cccc1)CC3;43;49.35
CCOP(=S)(SCn1c(=O)oc2c1cccc2)OCC;43;87.17
S=C=Nc1c(Cl)cccc1Cl;43;67.56
CC1CCC(=O)N1;43;53.74
Cc1ccc(c(c1Cl)Cl)Cl;43.5;33.91
CC(=O)Oc1cccc(c1)C(=O)C;44;51.75
O=Cc1cccc(c1Cl)C(F)(F)F;44;24.3
CCCCCCOc1ccc(cc1)N;44;80.87
Clc1ccc2c(c1)nco2;44;49.48
Brc1c(Br)csc1Br;44;77.03
BrCC(=O)c1ccccc1OC;44;70.77
CC(=O)CCCCC(=O)C;44;6
Clc1cc(C)c(c(c1)Cl)I;44;61.29
O=C(/C=C/c1ccccc1)OC/C=C/c1ccccc1;44;104.47
COC(=O)c1cccc(c1)CBr;44;52.43
FC(OC(C(F)(F)F)(I)F)(F)F;44;-61.75
OC(=O)CCc1cccc(c1)F;45;72.26
OCCOC(=O)c1ccccc1;45;49.04
BrCc1cc(C)c(c(c1)C)F;45;31.46
COc1c(Cl)ccc(c1Cl)Cl;45;43.58
O[C@H]([C@H](N1CCCC1)C)c1ccccc1;45;87.87
CCOC(=O)c1ccc(cc1)C(=O)OCC;45;-1.74
COc1cc(F)c(c(c1)F)CBr;45;36.2
O=Cc1ccccc1[N+](=O)[O-];45;69.48
O=C(N1CCCCC1)N1CCCCC1;45;63.02
CCCCNCC(=O)Nc1c(C)cccc1Cl;45.5;160.12
O=C(N1CCNCC1)OC(C)(C)C;46;65.07
N#Cc1cc(F)c(cc1Cl)Cl;46;49.1
Cc1cc(O)c(cc1C)C(C)(C)C;46;66.48
S=C=Nc1cc(Cl)cc(c1)Cl;46;67.56
O=C(c1ccc(c(c1)C)C)c1ccccc1;46;95.4
S=C=Nc1ccc(cc1Cl)Br;46;83.7
Brc1ccc2c(c1)ccs2;46;74.64
OCCc1ccc(c(c1)OC)OC;46;71.96
ClCCN(S(=O)(=O)c1ccc(cc1)C)CCCl;46;145.44
Clc1ccccc1C(=O)c1ccccc1;46;91.35
c1ccc(cc1)C1CCc2c(O1)cccc2;46.3;83.06
CCc1cc2c(cc1C(=O)C)C(C)(C)CCC2(C)C;46.5;109.51
O=c1occc2c1cccc2;47;33.34
O=Cc1c(F)ccc(c1Cl)F;47;19.15
OC(=O)CBr;47;29.19
SCc1c(C)cc(cc1C)C;47;32.71
Clc1ccc(cc1)SCSc1ccc(cc1)Cl;47;131.09
O[C@@H]1CCCN(C1)C(=O)OC(C)(C)C;47;72.02
BrCc1ccc(c(c1)F)[N+](=O)[O-];47;74.27
S=C=NCCCS(=O)(=O)C;47.5;76.64
O=C(c1ccccc1)c1ccccc1;48;63.55
CCCCCCCCCCCCCCCC(=O)C;48;65.8
N#CCc1ccccc1C(=O)OC;48;68.65
O=Cc1ccnc(c1)Cl;48;33.01
ClCC(=O)c1ccc(cc1)F;48;25.42
CC([Si](C1SCCCS1)(C(C)C)C(C)C)C;48;73.3
Cc1cccc[n+]1[O-];48;41.07
N1CCOCCOCCOCCOCCOCC1;48;120.07
O1COCC2(C1)COCOC2;48.3;30.94
OCC(CI)O;48.5;23.11
CCCN(c1c(cc(cc1[N+](=O)[O-])C(F)(F)F)[N+](=O)[O-])CCC;49;139.97
[N-]=[N+]=Nc1ccccc1c1ccccc1;49;212.07
S=c1sccs1;49;64.04
O=C(C(C(C(C(C(C(C(C(F)(F)F)(F)F)(F)F)(F)F)(F)F)(F)F)(F)F)(F)F)N(Cc1ccccc1)Cc1ccccc1;49;141.32
CC(C1CCC(=O)CC1)(C)C;49;8.41
CCOC(=O)c1ccc(cc1)c1ccccc1;49;90.77
OC(=O)Cc1ccc(c(c1)F)F;49;58.1
COc1cccc2c1nccc2;49.5;62.84
C=C1C2CCC(C1(C)C)C2;50;-15.3
N#Cc1ccc(c(c1)F)F;50;2.86
CCCCCCCCCCCCCC(CC)O;50;57.58
ClC(=O)c1ccc2c(c1)cccc2;50;78.15
CC1CCC(C(C1)OC(=O)C1(C)CCC(C1(C)C)C)C(C)C;50;100.75
CCCCCCCCCCCCCCCCCCCC(=O)OCC;50;108.65
OC(=O)CCc1ccc(c(c1)F)F;51;68.18
CCn1c(C)nc2c1cccc2;51;95.56
O=Cc1ccc(c(c1)Br)OC;51;62.68
COc1ccc(cn1)C(=O)OC;51;46.27
CCCCCCCCSc1c(SCCCCCCCC)cc(cc1SCCCCCCCC)N(C(=O)OC(C)(C)C)NC(=O)OC(C)(C)C;51.5;318.24
Oc1cc(F)c(cc1F)Br;52;35.68
COC(=O)C(=O)OC;52;-120.12
BrC#N;52;-43.78
COC(=O)c1ccccc1OC(=O)C;52;-22.74
CC(=O)OC1CCCc2c1c(C)ccc2C;52;79.48
Oc1ccccc1C=NCCCN=Cc1ccccc1O;52;166.71
Cc1ccc(cc1)[N+](=O)[O-];52;38.16
CC(c1ccc(cc1)CC(=O)O)C;52;84.19
N#CCCNc1ccccc1;52.5;55.74
CN(c1ccc2c(c1)cccc2)C;52.5;53.59
O1CCN(CC1)CCCc1ccc(cc1)COc1ccccc1;52.5;155.32
OC(=O)[C@@H](O)C;53;22.66
CCOC(=O)CN=C(c1ccccc1)c1ccccc1;53;94.17
N#Cc1c(C)cc(cc1C)C;53;44.77
COc1ccc(cc1)/N=N/c1ccccc1;53;62.77
CCOC(=O)c1cc(ccc1OCC)C(=O)C;53;94.79
Nc1ccc(cc1)c1ccccc1;53;88.64
Brc1ccc(c(c1)N)Br;54;72.22
COc1cccc(c1O)OC;54;55.14
CC(=O)Oc1cccc(c1)[N+](=O)[O-];54;71.14
CC(C1C=C(C(=C1C)C)Cc1ccccc1)C;54;67.72
OCC(O[N+](=O)[O-])CO;54;31.06
COc1ncccc1[N+](=O)[O-];54;65.69
OCC(C(C)(C)C)CO;55;10.49
CC(=O)Oc1cccc2c1nccc2;55;86.37
CC(=O)c1c(cc2c(c1O)cccc2)c1ccccc1;55;171.23
O=C(n1cccc1[Si](O)(C)C)OC(C)(C)C;55;96.32
COc1c(F)cc(cc1[N+](=O)[O-])Br;55;86.01
CCCCCCCCCCCCOC(=O)c1ccc(cc1)O;55;142
O=C=Nc1ccc2c(c1)cccc2;55;41.68
COCCCNc1nc(NCCCOC)nc(n1)SC;55;169.62
CC(=O)N(c1ccccc1C)C;55.5;65.61
CCCCCCCCCCCC(=O)OOC(=O)CCCCCCCCCCC;56;56.36
c1cc2c(s1)ccs2;56;55.88
COc1ccc(cc1)C(=O)c1ccccc1F;56;92.26
Ic1c(C)cc(cc1C)C(C)(C)C;56;64.38
C#CCCC(=O)O;56;20.22
CCCCCCCCOc1cc(ccc1OCCCCCCCC)N(C(=O)OC(C)(C)C)NC(=O)OC(C)(C)C;56;233.12
OC(=O)C(Cl)(Cl)Cl;56;26.7
CCC(OC(=O)N)(CC)C;56;8.55
CCCOc1ccc(cc1)O;56.5;47.05
O=C1CC(C)(C)[C@H]2C=C[C@]1(C)ON2c1ccccc1;56.85;127.64
OC(=O)c1c(C)ccc(c1O)Br;57;128.79
CCCC[C@H](C(=O)O)NC(=O)OCc1ccccc1;57;146.34
Cc1ccc(c(c1)C)C(=O)c1cc(Cl)cc(c1)Cl;57;124.4
CCOC(=O)c1ccc(cc1)[N+](=O)[O-];57;80.66
COc1ccc2c(c1)cc[nH]2;57;69.32
CCCCCCCCCCCCCCCCS(=O)(=O)Cl;57;134.05
CCCCCCCCCCC#CC#CCCCCCCCCC(=O)O;57;192.45
COC(=O)CCC(=O)O;57.5;39.67
Clc1cc([N+](=O)[O-])c(cc1Cl)Cl;57.5;87.54
Clc1ccc(cc1)c1ccc(cc1Cl)Cl;58;100.85
CNCCC=C1c2ccccc2CCc2c1cccc2;58;129.81
CC(=O)c1ccc2c(c1)CCO2;58;51.71
Clc1ccc(c(c1C)Cl)O;58;54.56
CCOC(=O)C(=C(C(=O)OCC)C(=O)OCC)C(=O)OCC;58;-0.97
Cc1ccc(c(c1O)C)C;58;40.68
OC(=O)C1CC1(F)F;58;19.56
[O-][N+](=O)c1ccc(cc1)C1CCCCC1;58.5;93.82
NNc1c(Cl)cc(cc1Cl)C(F)(F)F;59;70.86
O=C=Nc1ccc(cc1Cl)Cl;59;24.19
CC1CCC(C1(C)C)(C)CNc1ccccc1;59;85.05
COc1ccc2c(c1)cccc2OC;59;70.76
O=Cc1ccc(cc1)c1ccccc1;59;73.13
COc1cc(ccc1C=O)N(C)C;59;61.84
OC[C@H](c1ccccc1)C(=O)O[C@@H]1C[C@H]2N([C@@H](C1)[C@H]1[C@@H]2O1)C;59;151.28
C#CCOC(=O)C(Oc1ccc(cc1)Oc1ncc(cc1F)Cl)C;59.5;164.04
CCOC(=O)c1ccccc1C(=O)c1ccccc1;59.5;118.17
O=Cc1[nH]ccc1COC(=O)C;60;73.45
COC(=O)CCC(C1CCC2C1(C)CCC1C2C=CC2C1(C)CCCC2)C;60;145.6
COC(=O)c1cc(ccc1O)C(=O)C;60;95.24
CC(c1ccc(cc1)O)C;60;27.49
[O-][N+](=O)c1cc(ccc1Cl)S(=O)(=O)Cl;60;135.28
N#C/C=C(\C#N)/Cl;60.5;13.12
O=Cc1ccc(cc1O)C;60.5;57.41
CC1=CC(c2c1cccc2)c1ccccc1;61;82.57
Clc1ccc(cn1)Cl;61;18.65
Fc1ccc2c(c1)cccc2;61;10.32
[O-][N+](=O)OCC(CO)O;61;29.41
CCCCC(C(=O)O)O;61;55.37
COC(=O)c1sccc1n1cccc1;61;96.46
OC(C(Cl)(Cl)Cl)C#N;61;38.75
CC(=O)C(c1ccccc1)c1ccccc1;61;73.06
C(CP(c1ccccc1)c1ccccc1)CP(c1ccccc1)c1ccccc1;61;199.72
Cc1ccc2c(c1)nc(cc2)C;61;63.11
OP(=O)(OP(=O)(O)O)O;61;90.27
COc1c(Cl)cc(cc1Cl)Cl;61;43.58
Clc1ccccc1c1ccccc1Cl;61.5;81.47
CCCCc1cc2ccccc2c(c1C(=O)C)O;62;143.82
OCc1ccc(cc1C)Cl;62;41.77
BrCc1ccc(cc1)Br;62;41.91
COc1cc(CCCC(=O)O)ccc1OC;62;120.58
NC(=N)NCC=C(C)C;62.5;39.1
COc1cc(C=O)ccc1OCc1ccccc1;63;113.96
COc1ccc(cc1)P(c1ccc(cc1)OC)Cl;63;109.27
OC(=O)CCCOc1ccccc1;63;92.21
Oc1ccc2c(c1)OCO2;63;53.6
Clc1ccc(c(c1Cl)Cl)S(=O)(=O)Cl;63;119.04
[O-][N+](=O)CCC(=O)O;64;59.16
COC(=O)c1ccc(o1)Br;64;25.67
Brc1cc2ccccc2c2c1cccc2;64;114.32
[O-][n+]1ccccc1;64;25.76
Brc1cc(cc(c1)C(C)(C)C)C(C)(C)C;64;61.61
N#Cc1ccc(cc1C)Br;64;52.87
c1ccc(cc1)Cc1ncc2c(c1)cccc2;64;119.32
N#CCc1ccc(c(c1)OC)OC;64;75.21
Nc1ccc(c(c1)Cl)Br;64;63.06
OC(=O)Cc1cccc(c1)C;64;73.47
BrC(C(=O)c1cccc2c1cccc2)c1ccccc1;64;150.89
COc1cccc(c1O)Br;64;60.46
CCCCCCCCCCCCCCCCOCC(CO)O;64;142.97
COc1cccc(c1C(=O)Cl)OC;65;61.98
Oc1ccc(cc1)C1CCCC1;65;59.48
Clc1cccc(c1)P(c1cccc(c1)Cl)c1cccc(c1)Cl;65;163.32
CSC(=O)c1c(nc(c(c1CC(C)C)C(=O)SC)C(F)(F)F)C(F)F;65;151.41
OCCCc1ccc(c(c1)OC)O;65;96.35
CCCCCCCCCC(=O)CCCCCCCCC;65.5;84.36
CCCCCCCCCCCCCCCCCCOC(=O)CCSCCC(=O)OCCCCCCCCCCCCCCCCCC;66;272.49
O=C1C[C@@H]2C([C@]1(CC2)CS(=O)(=O)Cl)(C)C;66;118.55
O=NN(CC(=O)O)C;66.5;75.21
OC(=O)C(CBr)Br;66.5;64.11
OCc1ncc(c(c1C)[N+](=O)[O-])C;67;118.58
[O-][n+]1cccc(c1)F;67;28.38
O=C1CCC2C1C1C2CCC1=O;67;69.06
CCc1ccnc(c1)N;67;44.34
C=CCN(c1c(C)cc(cc1C)OC(=O)NC)CC=C;67;118.59
CC(=O)OCC(=O)O;67.5;28.57
OC1CCCN(C1)C(=O)OC(C)(C)C;68;72.02
Nc1ccc(c(c1)Cl)I;68;72.31
NNC(=O)OCc1ccccc1;68;69.41
ClS(=O)(=O)c1cccc2c1cccc2;68;116.31
CC(=O)Oc1ccc(c(c1)c1ccccc1)OC(=O)C;68;41.29
O=C1C=CC(=O)N1Cc1ccccc1;69;158.23
CCCCOC(=O)c1ccc(cc1)O;69;81.45
COc1cccc(c1OC)B(O)O;69;130.93
CCCCCCCCCCCCCCCCCCC(=O)O;69;141.24
CCC(CNCC(CC)O)O;69;47.25
CCn1c2ccccc2c2c1cccc2;69;103.07
Clc1cc(c(cc1Cl)Cl)S(=O)(=O)Cl;69;119.04
CC(=O)Oc1ccc2c(c1)cccc2;69;64.19
Cc1cc(C)c(c(c1)[N+](=O)[O-])O;70;96.65
N#Cc1c(cccc1F)Sc1ccc(cc1)Cl;70;121.2
NCCCCCCCCCCCCN;70;79.37
COc1ccc(cc1)C1(C)N=NC(=C1)C;70;97.89
BrCC(C1CCC(C(C1)Br)Br)Br;70;98.63
CC(c1ccc(cc1)N)O;70;60.23
COc1cccc(c1C(=O)C)OC;70;58.21
[O-][N+](=O)c1ccc(cc1C)OCc1ccccc1;70;127.63
O=S(c1ccccc1)c1ccccc1;71;96.12
CCCCCCCC/C=C/CCCCCCCC(=O)[O-].[NH4+];71;
COC(=O)c1cccc(c1)O;71;51.47
c1ccc(cc1)Cn1cncc1;71;85.4
N#Cc1cc(ccc1F)[N+](=O)[O-];71;74.09
Sc1cccc[n+]1[O-];71;65.06
N#Cc1ccc(cc1F)Br;71;40.91
CCOC(=O)c1nn(c(c1)C)CO;71;93.51
Cc1cc(c(cc1O)C)C(C)(C)C;71.2;66.48
C1CC[C@@H]2N(C1)C[C@@H]1C[C@H]2C=C2[C@@H]1NCCC2;71.4;118.4
ClCCOCCOCCOC(=O)/C(=C(\N=N\c1cc(Cl)cc(c1O)Cl)/C)/Cl;71.5;209.7
CC(=O)OC(c1cccc(c1)[N+](=O)[O-])OC(=O)C;72;70.27
O=C(c1cccnc1)Oc1ccccc1;72;84.64
O=C1Cc2c1ccc1c2cccc1;72;90.17
CCCCCCCCCCCCCCCC(=O)OCCOC(=O)CCCCCCCCCCCCCCC;72;165.14
ClC(c1cc(Cl)c(cc1Cl)C(Cl)Cl)Cl;72;93.34
Cc1cc(C)c(c(c1)C)O;72;40.68
CC(c1cc(cc(c1)C(F)(F)F)C(F)(F)F)O;72;24.43
O=COc1ccc(cc1)[N+](=O)[O-];72;65.99
CCO/C(=C(/C(=O)OCC)\C#N)/C;72;23.13
CCOC(=O)N(c1ccccc1)c1ccccc1;72;99.9
CC(COC(=O)n1c(nc2c1cccc2)c1cscn1)C;72.5;203.65
[O-][N+](=O)c1c(Cl)cccc1Cl;72.5;65.67
CO/N=C(\c1ccccc1CO/N=C(/c1cccc(c1)C(F)(F)F)\C)/C(=O)OC;72.9;158.46
O=C1C=CC(=O)C2C1C1C=CC2C1;73;80.3
Nc1nccc(c1)C(F)(F)F;73;29.25
OCc1ccc(cc1)I;73;51.72
N#CC1(C)C(=Nc2c1cccc2)C;73;89.56
CC(OC(=O)C(c1ccc(cc1)Cl)(c1ccc(cc1)Cl)O)C;73;152.51
CC(=O)Nc1ccccc1C(C)C;73;105.26
Nc1ccc(c(c1Cl)Cl)Cl;73;70.95
N#Cc1ccncc1Cl;73;44.28
CCCCOC(=O)c1ccccc1C(=O)O;73.5;117.82
CC(=O)CC(=O)c1c(C)c(C)c(c(c1C)C)C;74;105.5
ClSc1ccccc1[N+](=O)[O-];74;78.35
OCC[C@]12C[C@H]3C[C@@H](C2)C[C@@H](C1)C3;74;63.14
OC/C=C/c1ccc(c(c1)OC)O;74;96.85
COc1cc(OC)ccc1[N+](=O)[O-];74;73.56
CN(c1ccc(cc1C)/N=N/c1cccc(c1)[N+](=O)[O-])C;74;147.48
OCCOc1ccc2c(c1)cccc2;74;94.47
C1CCCc2c(CC1)[nH]c1c2cccc1;74;107.75
CC1CCc2c(N1C(=O)c1ccccc1)cc(cc2)CCC(=O)C;74;184.49
Clc1ccc(cc1)C(C(Cl)(Cl)Cl)c1ccccc1Cl;74.2;123.21
CCCCCCCCCCCCCCCCOP(=O)(OCCCCCCCCCCCCCCCC)O;74.5;90.27
COC(=O)C(c1ccccc1)C1CCCCN1;74.5;100.9
c1ccc(cc1)C1ON=C(C1)c1ccccc1;75;111.65
CCCCC(CO[N+](=O)[O-])CC;75;-15.03
COc1ccc(cc1)n1nc(sc1=N)C(=O)c1cccc2c1cccc2;75;244.72
CNC(=S)NCc1ccccc1;75;83.17
CN(C(C(c1ccccc1)O)C)C/C=C/c1ccccc1;75;128.63
NNc1cc(F)ccc1F;75;23.22
CNC(=O)N(C)C;75.5;25.51
Cc1nc(Nc2ccccc2)nc(c1)C1CC1;75.9;126.5
COC(=O)c1ccc(cc1Cl)[N+](=O)[O-];76;92.35
[O-][N+](=O)c1cc(c(c(c1Cl)[N+](=O)[O-])Cl)C(F)(F)F;76;121.52
COC(=O)/C=C/c1ccc(cc1)Cl;76;39.04
FC(COc1ccc(cc1)OCC(F)(F)F)(F)F;76;13.3
CCC(c1ccc(cc1)C(C(=O)O)C)C;76;94.22
CCOC(=O)C(Oc1ccc(cc1)Oc1cnc2c(n1)ccc(c2)Cl)C;76.5;199.71
CCOc1cc(C=O)ccc1O;77;81.44
CCOC(=O)c1c[nH]nc1;77;63.74
Brc1ccc(o1)/C=C/C(=O)c1ccco1;77;97.33
Nc1cccnc1Br;77;53.16
OCc1ccncn1;77;38.52
O=C(c1cnccc1C(=O)O)OC(=O)c1cnccc1C(=O)O;77;205.2
O=C(OC(C)(C)C)N[C@@H](C(=O)O)Cc1cccc(c1)F;77;136.45
COc1ccc2c(c1)c(OC(=O)C)c(c(c2OC(=O)C)OC)OC;77.5;138.6
c1cc(nc(c1)c1ccccc1)c1ccccc1;78;132.59
OCC(C(C(CO)(F)F)(F)F)(F)F;78;-5.59
CC(CC1=C/C(=C\c2ccc(o2)c2ccc(cc2)C)/C(=O)O1)C;78;174.32
CCOc1ccc2c(c1C(=O)Cl)cccc2;78;108.02
Cc1cc([N+](=O)[O-])c(c(c1)[N+](=O)[O-])O;78;121.23
COC1CCC(CC1)CC(=O)O;78;68.6
OCCCCc1ccc(cc1)S(=O)(=O)N;78.5;143.4
CCCCCCCC(=O)NO;78.75;110.43
[O-][N+](=O)c1ccccc1c1ccc(o1)C(=O)C;79;130.62
CC(=O)c1ccc(cc1)[N+](=O)[O-];79;70.93
CC(=O)N;79;11.01
Cc1ccc(cc1)C(=O)C=Cc1cccs1;79;115.02
COP(=S)(Oc1c(Cl)cc(cc1Cl)C)OC;79;32.77
OC(=O)c1cc(ccc1C(F)(F)F)C(F)(F)F;79;63.08
OC(=O)Cc1cccc(c1)Cl;79;83.37
CCOC(=O)Cn1c(=O)sc2c1c(Cl)ccc2;79.2;159.76
CCC(C(c1ccccc1)O)N;79.5;59.52
CCCCCCCCCCCCCCCCCC(=O)O[C@H]1CC[C@]2(C(=CC[C@@H]3[C@@H]2CC[C@]2([C@H]3CC[C@@H]2[C@@H](CCCC(C)C)C)C)C1)C;80;272.44
CCOC(=O)C(=Cc1cc(C=C(C(=O)OCC)C(=O)OCC)cc(c1)[N+](=O)[O-])C(=O)OCC;80;202.54
Clc1cncc(c1)Br;80;28.52
CC(=O)c1cccc(n1)C(=O)C;80;65.54
O=C1OC(C2C1CCCC2)(C)C;80;34.64
C/C(=C\c1ccccc1)/C(=O)O;80;78.96
Oc1cccc(c1)Nc1ccccc1;80;99.81
N#CC1CN(CN(C1)Cc1ccccc1)Cc1ccccc1;80;170.32
N#CC(c1cc(OC)c(cc1C)OC)O;80;112.92
[O-][N+](=O)c1ccc(o1)C(=O)OC;80;60.25
Cc1c2ccccc2cc2c1cccc2;80;93.61
O=C(c1ccccc1)/C=C/c1ccc(o1)c1ccccc1;80;149.3
OC1(CCNCC1)Cc1ccccc1;80;97.68
OB(c1cccc(c1)OC(F)(F)F)O;80;106.12
Cc1c(C)cc(c(c1C)O)C;80.5;55.64
C/C=C/c1cccc(c1O)OC;81;61.93
Clc1ccnc2c1cccc2C(F)(F)F;81;70.13
Cc1ccc(cc1)CCc1ccc(cc1)C;81;72.36
N#Cc1ccc(c(c1)C)[N+](=O)[O-];81;85.17
OC(=O)CCCCCCC(=O)c1ccccc1;81;130.86
CCCCCCCCCCCCCCCCCCCCCCCCCCCCCCCCCCCCCCCC;81;227.17
CSc1ccc(cc1)C(=O)C;81;40.25
OCc1ccc2c(c1)cccc2;81.3;69.85
Cc1cccc2c1nn[nH]2;81.5;97.46
Cc1ccc2c(c1)[nH]nn2;81.5;97.46
[O-][N+](=O)c1c(C)ccc2c1cccc2;81.5;98.39
OC1OC(=O)C(=C1C)C;82;38.07
COc1ccc(c(c1)C#N)OC;82;60.49
COc1cc2CCN(C(c2cc1OCc1ccccc1)C)C;82;142.88
c1ccc(cc1)OCC#CC#CCOc1ccccc1;82;152.92
OCCc1c(C)cc(cc1C)C;82;56.73
Cc1cc(Br)cc(c1)[N+](=O)[O-];83;71.53
CC(=O)Oc1ccccc1C(=O)OC(=O)c1ccccc1OC(=O)C;83;90.87
C1CNC(CN1)c1cccs1;83;103.35
BrCC(=O)c1ccc2c(c1)cccc2;83;101.28
O=C1OCc2c(C1)cccc2;83;39.96
ClCc1c(C)c(C)c(c(c1C)C)C;83;59.12
N#Cc1c(C#N)c(F)c(c(c1F)F)F;83;56.35
Oc1ccc(cc1)Cc1ccccc1;83;89.18
CO/C(=C\C(=O)O)/C(=O)C(=C)C;83;71.79
O=C/C=C/c1ccc(c(c1)OC)O;84;90.98
CCCCCCCCCc1ccc(cc1)B(O)O;84;155.2
CCCCNC(=O)c1cc(N)ccc1OCC#C;84;181.89
COC(=O)CCC(C1CCC2C1(C)C(OC(=O)C)CC1C2C=CC2C1(C)CCC(C2)OC(=O)C)C;84;179.77
Nc1ccc(cc1)Oc1ccccc1;84;91.21
Brc1ccc(c(c1)C(F)(F)F)O;84;42.37
CC(CCCC(C1CCC2C1(C)CCC/C/2=C\C=C/1\CC(O)CCC1=C)C)C;84.5;168.98
O=Cc1csnn1;85;60.56
NC(=O)c1ccc(c(c1)C(F)(F)F)F;85;91.92
Cc1cccc2c1[nH]cc2;85;53.32
COc1cc(ccc1OCc1ccccc1)C(=O)C;86;122.25
c1ccc(cc1)Cc1ccc(cc1)c1ccccc1;86;115.51
CCC(OC(=O)N)(C)C;86;-3.24
C[C@@H]1CC[C@@H]2[C@@]31CC[C@@]([C@H](C3)C2(C)C)(C)O;86;75.52
COc1ccccc1NC(=O)CC(=O)C;86;137.54
COc1cccc(n1)N(C(=S)Oc1cccc(c1)C(C)(C)C)C;86;170.83
OCCc1ccc(cc1)OCc1ccccc1;86;115.58
CN(C=Nc1ccc(cc1C)C)/C=N/c1ccc(cc1C)C;86;132.34
Clc1ccc(cc1)OS(=O)(=O)c1ccc(cc1)Cl;86.5;149.35
Cc1cc(ncc1)C#N;87;33.62
CCCC(CC/C=C/C=C/C#CC#C/C=C/CO)O;87;159.82
[O-][N+](=O)c1c(Cl)ccc(c1Cl)O;87;104.62
OCC(c1ccc2c(c1)ccc(c2)OC)C;87;109.32
ClCC(=O)Nc1ccccc1;87;106.43
Cc1cc2ccccc2c(n1)c1ccccc1;87;128.97
CC(=O)Nc1cccc(c1)F;88;84.99
COC(CNC(c1ccc(c(c1)O)OC)C)OC;88;117.24
OC(=O)Cc1ccccc1C;88;73.47
OC(=O)C1(CC1)C(F)(F)F;88;7.12
Nc1cccc(n1)C(F)(F)F;88;29.25
OC(COc1cccc2c1C=CC2)CNC(C)C;88.5;118.54
O=C(NC(C(=O)O)Cc1ccccc1)OCc1ccccc1;88.5;175.1
OCC1COc2c(O1)cccc2;89;70.39
COc1cc(ccc1OC)CC1N(C)CCc2c1cc(OC)c(c2)OC;89;183.39
CC1C=Cn2c(C1)cc1c(c2=O)cccc1;89;128.4
COP(=O)(NC(=O)C)SC;89;80.07
OC1OC2(CCCCC2)Cc2c1cccc2;89;104.36
COc1ccccc1c1ccc(o1)/C=C\1/C=C(OC1=O)CC(C)C;89;179.15
CC(OC(=O)C1(CC1)S(=O)(=O)c1ccc(cc1)Cl)C;89.8;138.51
OC[C@H](C(=O)O)NC(=O)OC(C)(C)C;90;115.66
ClCC(=O)c1cccc(c1)C(=O)CCl;90;99.33
N[C@H](C(=O)Nc1ccc(cc1)[N+](=O)[O-])CC(C)C;90;177.48
CCCC(C1(C=C)C(=O)NC(=O)NC1=O)C;90;228.85
O=C1C=CC(=O)N1C1CCCCC1;90;142.37
Nc1ccc(cc1)Cc1ccc(cc1)N;90;127.52
OC1C(=O)OCC1(C)C;90;31.22
Cc1cc(C)c(c(c1N)C)N;90;87.02
COc1c(OC)c(Br)c(c(c1Br)Br)C;90;120.18
C[C@H](N(C(=O)OC(C)(C)C)C)C(=O)O;90;76.33
OC(=O)Cc1ccc(c(c1)Cl)Cl;90;97.55
COC(=O)c1ccc(cc1)OS(=O)(=O)c1ccc(cc1)C;90.35;163.63
CN(C(=O)Oc1nc(nc(c1C)C)N(C)C)C;90.5;112.43
O=C(C[C@H](C[N+](C)(C)C)OC(=O)/C=C/c1ccccc1)OCc1ccccc1;90.85;255.2
c1ccc(nc1)c1cccc(n1)c1ccccn1;91;153.99
Clc1nc(Cl)c(cc1Cl)Cl;91;54.58
N#Cc1cc(Br)ccc1OC;91;66.97
N#Cc1cc(F)c(nc1Cl)Cl;91;63.26
CC(=O)C(=C1SCCCS1)C(=O)C;91;100.68
N1CCN(CC1)C(c1ccccc1)c1ccccc1;92;137.28
N#Cc1ccc(cc1)Cl;92;22.93
OC(c1ccc(cc1)Cl)c1ccc(cc1)Cl;92;110.27
[O-][N+](=O)c1cc(ccc1Cc1ccccn1)[N+](=O)[O-];92;155.36
N#Cc1ccc(cc1N)C;92;67.28
O=C(C(C(C(C(C(C(C(C(F)(F)F)(F)F)(F)F)(F)F)(F)F)(F)F)(F)F)(F)F)N(c1ccccc1)c1ccccc1;92;133.71
CNCCCC12CCC(c3c1cccc3)c1c2cccc1;92;141.38
[O-][N+](=O)c1cc([N+](=O)[O-])c(cc1O)Cl;92;128.31
OC1=NC(=O)C=C1;92;64.24
CCOC(=O)/C(=C(\N(C)C)/SC)/C#N;92;66.01
CCOCOc1ccc(cc1)C(=O)Nc1cccc(c1Cl)Cl;92.5;200.82
CNC1(CCCCC1=O)c1ccccc1Cl;92.5;109.56
O=C=Nc1cc(Cl)c(cc1OC)OC;93;61.74
FS(=O)(=O)Cc1ccccc1;93;57.62
OCc1cccc(c1)N;93;61.74
Oc1ccc(cc1)S(=O)(=O)C;93;97.34
COC(=O)CCC(C1CCC2C1(C)CCC1C2C(=O)CC2C1(C)CCCC2)C;93;169
[O-][N+](=O)c1cccc(c1O)F;93;72.32
C=CCC1=C(OC(=O)C)C2=CC=C3C(C2=C(C1=O)O)(C)CC(=O)C(=C3C)C;93;218.14
C/C=C/C/C=C/CCC(=O)C1OC1C(=O)N;93.5;142.12
Nc1cccc(c1)c1cccc(c1)N;93.5;125.79
OC(=O)C(c1ccc(c(c1)F)F)O;94;89.01
Clc1cccc2c1C(C2)(C)O;94;56.63
CC(=O)Nc1ccc2c(c1)nn(n2)C1CCCC1;94;184.82
c1cc2cccc3c2c(c1)CC3;94;53.64
N#Cc1ccccc1O;94;53.75
N#CC(c1ccccc1)(C(=O)C)CC(=O)c1ccccc1;94;158.82
COC(C(C(O)(C)C)(C(=O)OCC1=CCN2[C@H]1[C@H](CC2)OC(=O)/C(=C\C)/C)O)C;95;172.18
OCCNC(=O)c1cc(CC=C)cc(c1O)OC;95;190.84
CN1C(=O)C=CC1=O;95;106.25
CON(C(=O)Nc1ccc(cc1)Br)C;95;131.16
CC(C#CC(O)(C)C)(O)C;95;45.06
CCCNC(=O)NNC(=O)OCC;95;108.84
CCOC=C1N=C(OC1=O)c1ccccc1;95;119.96
O=C(c1ccccc1)Oc1cccc(c1)[N+](=O)[O-];95;127.81
O=C1OC2=C(C(C1(C)C)c1ccccc1)CCCC2;95;125.79
OCCCc1ccc(cc1)S(=O)(=O)N;95.5;135.72
O=c1c(Br)coc2c1cccc2;96;92.7
CC(c1cc(cc(c1S(=O)(=O)Cl)C(C)C)C(C)C)C;96;122.72
O=C1OC(=O)C(=C1C)C;96;-16.58
O=C(c1ccccc1)Nc1ccccc1[N+](=O)[O-];96;181.85
BrCC(C1OC(=O)C(=C1OC)OC)O;96;112.83
Oc1cc(cc(c1O)C(C)(C)C)C(C)(C)C;96;117.27
CCCCC1C(=O)N(N(C1=O)c1ccc(cc1)O)c1ccccc1;96;228.43
BrCC(=O)c1ccc(cc1)Cl;96;67.01
c1ccc(cc1)CP(Cc1ccccc1)Cc1ccccc1;96;135.8
NNC(=O)c1cccc(c1)C;96;122.75
CCC(Cc1c[nH]c2c1cccc2)N;97;104.95
COCC1(CCN(CC1)CCc1cccs1)N(c1ccccc1)C(=O)CC;97;210.73
COc1ccc(cc1[N+](=O)[O-])I;97;93.96
COc1cc(ccc1OC)C(=O)c1cccc(c1)Br;97;140.01
ClCc1c(OC)ccc(c1C)CCl;97;69.09
O=Cc1ccc2c(c1)cc[nH]2;98;78.88
CC(OC(=O)C1=C2N(C(C(C1Cl)Cl)Cl)Oc1c2nccc1)C;98;174.88
OS(=O)(=O)CS(=O)(=O)O;98;144.56
C1CNc2c(CN1)cccc2;98;82.48
Cc1occc1C(=O)O;98;46.53
Brc1cc(Br)c(c(c1)C(=O)c1ccccc1)N;98;161.33
CCC(=O)c1cc(O)ccc1O;98;105.1
CCCCCCCCCCCCCCCC(=O)NCCO;98.5;178.5
CC(=O)c1ccc2c(c1O)cccc2;99;109
CC1CCC(C1(C)C)(C)C(=O)CN1C(=O)c2c(C1=O)cccc2;99;210.58
C1CNc2c(N1)cccc2;99;72.69
Brc1cc(Br)c(c(c1)Br)/N=N/c1c(N)nn2c1nc(C)cc2C(F)(F)F;99;219.97
O=C(OC(C)(C)C)CNc1ncc(cc1C)I;99;129.27
CCCCCCCCCCCC(=O)N;99;110.97
CO/N=C(/c1ccccc1COc1ccccc1C)\C(=O)OC;99;137.43
CC(c1ccc(cc1)O)(C)C;99;36.91
c1ccc2c(c1)sc1c2cccc1;99;99.53
O=S1(=O)OCCO1;99;25.95
Clc1cc(Cl)c(c(c1Cl)[N+](=O)[O-])Cl;99.5;108.39
OC(=O)CCCOc1ccc(cc1C)Cl;100;117.51
CCC(=O)c1ccc(cc1O)O;100;105.1
COc1cc(OC)ccc1/C=C/[N+](=O)[O-];100;92.96
OC(=O)CCc1cccc(c1)N;100;111.36
OC(c1cc(O)cc(c1)O)CNC(C)C;100;132.76
CCOC(=O)c1cnn(c1N)c1ccccc1;100;139.88
ON=Cc1ccccc1[N+](=O)[O-];100;94.55
COC(=O)c1ccc(cc1)N(C)C;100;38.16
N#CC(c1cccc(c1)Oc1ccccc1)OC(=O)C1C(C1(C)C)C=C(Br)Br;100;139.52
OCNC(=O)CCl;100;86.28
c1ccc2c(c1)Oc1c(C2)cccc1;101;75.87
OC1OCCOC1O;101;31.54
OC(=O)Cc1c(F)cccc1F;101;58.1
OC(=O)Cc1cccc(c1)Br;101;90.89
O=C(c1ccc(cc1)F)CCC(=O)O;101;100.68
Ic1cc(cc(c1)[N+](=O)[O-])[N+](=O)[O-];101;114.6
CCOC(=O)c1cc(OC)c(cc1[N+](=O)[O-])OC;101;126.97
COc1ccccc1C(=O)O;101;77.37
O=Cc1cc(Cl)ccc1O;101;67.63
O=C(C(=O)c1cccc2c1cccc2)c1ccccc1;102;148.69
Cc1cc2CC3CCCCN3C(=O)c2c(c1)C;102;138.14
N#CCC(=O)c1ccc(cc1)C;102;71.15
NC(=O)COc1ccccc1;102;102.4
COc1ccc(cc1)Nc1ccc(cc1)OC;102;106.17
CNP(=O)(Oc1ccccc1)NC;102;71.9
CCOC(=O)c1sc(nc1CBr)c1ccccn1;102;171.27
CC(CCCC(C1CCC2C1(C)CCC1C2CC(C2=CC(=O)CCC12C)OC(=O)C)C)C;102;196.33
C[C@H](C(C)(C)C)C1=Cc2ccccc2[C@H](N=N1)C;102.35;105.85
COc1c(OC)c(OC(=O)C)c2c(c1OC(=O)C)ccc(c2)F;102.5;114.46
CCCCC(=O)N;103;45.15
COc1cc(CC(=O)O)cc(c1)OC;103;104.32
OC[C@H]([C@H]([C@H](CO)O)O)O;103;102.69
NNS(=O)(=O)c1ccccc1;103;103.68
Cc1cc(ccc1/N=N/c1ccccc1)/[N+](=N/c1ccccc1)/[O-];103;247.31
CNC(=N)O;103;10.16
O=Cc1ccc(c(c1)[N+](=O)[O-])N1CCCC1;103;125.85
OCCCCSc1ccc(cc1F)S(=O)(=O)N;104;167.19
[O-][N+](=O)c1ncccc1Br;104;76.81
CCN=c1nc([nH]c(n1)SC)NC(C)(C)C;104;125.94
CC(=O)NBr;104;45.75
NC(=O)N1CCCCC1;105;66.05
COc1ccc(c2c1CC2=O)OC;105;79.15
CC(=O)C1(C)OC(=O)c2c(C1)cccc2;105;101.14
OC[C@@H]([C@@H](c1cc(OC)c(c(c1)OC)OC)O)Oc1c(OC)cccc1OC;105;214.91
Clc1ccc(cc1)C(=O)Cc1ccccc1;105;100.72
OCC(CN1CCN(CC1)c1ccccc1)O;105;136.78
OC(=O)c1cccc(c1)C(F)(F)F;105;60.17
CC(N(C(=O)COC(=O)c1ccccc1)C(C)C)C;105.5;110.16
CC(=O)c1ccc(s1)[N+](=O)[O-];106;88.76
COc1ccc(cc1)C(=O)Nc1ccc(cc1)c1ccc2c(c1)nn(n2)c1ccccc1;106;289.23
OC(=O)Cc1ccc(c(c1)F)C;106;69.64
CCOC(=O)c1c(N)scc1c1ccc(cc1)C;106;152.65
BrCC(=O)c1cc(c(c(c1)C(C)(C)C)O)C(C)(C)C;106;138.92
C=Cc1ccccc1B(O)O;106;105.16
CN1CN(C)CSC1=S;106;90.98
ClC1C(=O)C2(C(C1CC2)(C)C)C;106;50.19
Fc1ccc(cc1)Oc1ccnc2c1c(Cl)cc(c2)Cl;106.7;148.09
[O-][N+](=O)/C(=C/c1ccccc1[N+](=O)[O-])/c1ccccc1;107;147.1
OB(c1c(C)noc1C)O;107;109.65
Ic1ccnc(c1C)Cl;107;54.4
Brc1cnc(nc1OCc1ccccc1)N1CCCC1;107;167.44
[O-][N+](=O)c1ccc(c(c1)N)C;107;84.5
CCCCc1ccc(cc1)C(=O)O;107;92.52
Nc1ccccc1NNc1ccccc1;107;122.37
[O-][N+](=O)c1ccc(c(c1)[N+](=O)[O-])O;107;118.46
C#CC1(O)CCC2C1(C)CCC1C2CCc2c1ccc(c2)OC1CCCC1;107.5;189.5
CC1COc2c(N1C(=O)C(Cl)Cl)cccc2;107.6;117.97
NNC(=O)CC#N;108;102.18
[O-][N+](=O)c1cccc2c1ccnc2;108;104.39
N/C(=C(\c1ccccc1)/N)/c1ccccc1;108;115.07
O=C(/C(=C/c1ccccc1)/Cc1ccccc1)OC(=O)/C(=C/c1ccccc1)/Cc1ccccc1;108;219.85
CC(NCC(c1ccc2c(c1)cccc2)O)C;108;112.38
S=C=Nc1ccc(cc1OC)[N+](=O)[O-];108;115.04
N#CC(=C1CCCCC1)C(=O)O;108;103.38
CCOC(=O)Cn1cnc2c1c(Cl)ncn2;108.35;161.21
Cc1cnccc1N;108.5;33.24
CCSC(=O)N;109;54.87
Cc1cccc(c1)C(=O)O;109;63.43
Cc1cc(/N=N/c2ccccc2)ccc1/N=N/c1ccccc1;109;135.18
OC(=O)[C@H](Cc1ccc(cc1)OCc1ccccc1)NC(=O)OC(C)(C)C;109;206.64
COc1cc(C#N)ccc1F;109;32.35
COC(=O)CCC(C1CCC2C1(C)C(=O)CC1C2CCC2C1(C)CCCC2)C;109;169
Ic1c[nH]nc1;109;50.97
CCOC(=O)/C(=C(\C(C(=O)OCC)C(=O)OCC)/c1ccc(cc1)[N+](=O)[O-])/C#N;110;191.34
OC(=O)[C@@H](Cc1ccc(cc1)Cl)NC(=O)OC(C)(C)C;110;152.3
c1ccc2c(c1)c(ccc2)Oc1cccc2c1cccc2;110;158.64
OCCCSc1ccc(cc1F)S(=O)(=O)N;110.5;159.51
COC(=O)n1nc(cc1C(=O)OC)C;111;34.28
CCCNc1cc(=O)oc2c1cccc2;111;108.79
CCCCCCCCCCCCCCCC(=O)OCC(C1OC(=O)C(=C1O)O)O;112;256.05
Brc1ccc(c(c1)[N+](=O)[O-])N;112;107.19
O[C@@H]1CO[C@@H]([C@H]([C@H]1O)O)O;112;97.75
N#CCc1c(C)c(C)c(c(c1C)C)C;112;84.34
Fc1c(c2ccccc2)c(F)c(c(c1F)F)F;112;52.2
Brc1cncc(c1)Br;112;39.11
COc1c(F)ccc(c1F)C(=O)N;112;109.33
CC(=O)c1ccc(cc1)C(=O)C;112;54.08
CN(c1ccncc1)C;112;8.46
Clc1ccc(c(c1)Cl)C1(OCCO1)Cn1cncn1;112.35;158.17
Brc1ccc(c(c1)N)C(c1ccccc1)O;113;142.24
COc1c(F)cccc1C(=O)O;113;72.65
COc1cc(C=O)c(cc1OC)OC;113;71.56
CCOC(=O)c1ccc(cc1)n1c(C)cc(c1C)C=O;113;144.6
ClC(=O)c1ccc(cc1)c1ccccc1;113;95.45
OC(=O)c1ccccc1Oc1ccccc1;113;127.48
OC/C(=C(/CO)\Br)/Br;113;66.75
CCCCCCCCc1ccc(cc1)NC(=O)c1ccc(cc1)C;113;204.62
COC(=O)c1ccc(cc1C1NC(=O)C(N1)(C)C(C)C)C;113;189.63
Cc1nc2ccccc2c(=O)n1c1ccccc1C;113;170.25
OC(=O)C(c1ccc(c(c1)F)c1ccccc1)C;113;133.91
CP(=O)(c1ccccc1)c1ccccc1;113;57.23
CC(=O)OC[C@H]1O[C@H](OC(=O)C)[C@@H]([C@H]([C@@H]1OC(=O)C)OC(=O)C)OC(=O)C;113.3;110.22
CCN(CCOC(=O)C(c1ccccc1)c1ccccc1)CC;113.5;135.5
O=C(N(C)C)Nc1ccc(c(c1)Cl)SC(Cl)(F)F;113.5;146.03
ClCC(=O)Nc1cccc(c1)[N+](=O)[O-];114;159.1
O=Cc1ccc(c(c1)O)OC;114;71.55
O=C(C1C2CCC(C1C(=O)O)O2)OC(=O)[C@@H]1[C@H]2CC[C@@H]([C@@H]1C(=O)O)O2;114;198.72
Oc1cc(C)c(c(c1)C)Cl;114;51.24
Clc1c(Cl)cccc1NS(=O)(=O)c1ccccc1;114;159.94
ON([C@@H]([C@H]1COC(O1)(C)C)C#C)Cc1ccccc1;114.85;155.55
OC(=O)C(Oc1cccc(c1)Cl)C;115;90.51
O=Cc1cccc2c1ccnc2;115;78.44
CCC1(O)CCC2(C(C1)CCC1C2CCC2(C1CCC2=O)C)C;115;153.98
ON=CC=CC=Cc1ccc2c(c1)OCO2;115;113.64
Clc1ccc(cc1)/C=C/C(=O)c1ccccc1;115;108.36
C=C1C2CC(C1(C)C)C(=C(c1ccccc1)c1ccccc1)C2c1ccccc1;115;184.78
C/C(=C\C(=N/Nc1ccc(cc1[N+](=O)[O-])[N+](=O)[O-])\C)/C=C/c1ccccc1;115;207.58
ClS(=O)(=O)c1ccc(cc1)c1ccccc1;115;132.34
COc1ccc(cc1)N(C(=O)c1ccc(cc1)Cl)CCCC(=O)O;115.5;211.47
CCCCCOC(=O)Nc1nc(=O)n(cc1F)[C@@H]1O[C@@H]([C@H]([C@H]1O)O)C;115.5;209.26
CCCCCCCCC(C(=O)O)C(=O)O;116;136.14
O/N=C(\c1ccccc1)/C=C/c1ccccc1;116;91.41
Nc1cccc2c1cc1ccccc1c2;116;126.76
OC(=O)CCc1ccc(cc1)C;116;83.17
O=C1OC(C)(C)OC(=O)C1=Cc1ccc(o1)Br;116;156.1
c1cc2Cc3c4c2c(c1)ccc4ccc3;116;105.84
O=Cc1cc(Br)ccc1OC;116;62.68
Brc1cnc(c(n1)Br)N;116;98.65
CO/C=C(/c1ccccc1Oc1ncnc(c1)Oc1ccccc1C#N)\C(=O)OC;116;228.12
NC(=O)c1cccc(c1F)F;116;84.65
O=C(O[C@H]1CC[C@@H]2[C@]1(C)CC[C@H]1[C@H]2CCC2=CC(=O)CC[C@]12C)CCc1ccccc1;116.5;210.47
Cc1ccc(c(c1)[N+](=O)[O-])N;117;84.5
O=C(c1ccc(c(c1)N)N)c1ccccc1;117;142.77
CCOC(=O)c1ccc(cc1)O;117;61.81
COc1ccc(cc1N)[N+](=O)[O-];117;96.84
O=Cc1ccc(cc1)O;117;42.64
COC(=O)C12CCC(C=C1)C1C2C(=O)OC1=O;117;88.84
OCCCSc1ccc(cc1)S(=O)(=O)N;117;158.14
NNC(=O)c1ccc(cc1)C;117;122.75
NNc1cccc2c1cccc2;117;88.83
CN[C@H]([C@H](c1ccccc1)O)C;117.5;40.5
CCCCN(c1ccc(cc1)/N=N/c1ccc(cc1)[N+](=O)[O-])CCC#N;118;210.42
OC(=O)CNc1ccccc1;118;81.02
OC(=O)C/C(=C/C(=O)O)/C(=O)O;118;158.25
c1ccc2c(n1)c1ncccc1cc2;118;113.02
Clc1ccc2c(c1)C(=NCC(=O)N2CC1CC1)c1ccccc1F;118;197.85
Clc1cccc2c1c(Cl)ccn2;118;82.99
N#Cc1cc(Cl)c(c(c1)Cl)N;118;92.33
OC(=O)C1(C)CCC(C1(C)C)CCc1ccccc1;118;138.19
COC(=O)c1sc(c(c1)C#N)SC;118;105.5
CC12CC=CCC1CCC1C2CCC2(C1CC=C2CCc1ccccc1)C;118;159.25
O=C(C1=C(C)N(C)C(=O)NC1c1ccccc1)OCc1ccccc1;118;210.92
BrC(C(=O)c1ccc2c3c1cccc3CC2)c1ccccc1;118;174.29
O/N=C/1\CC2C(C1(C)CC2)(C)C;118;50.92
C/C=C/C(=O)OC1CC2C3(C1(C)C1(C)CC(=O)C(=CC1O2)C)CO3;118;162.13
O=C(n1cncc1)n1cncc1;118;120.87
O/N=C/c1ccc(cc1)Br;118;54.09
CC(c1cc(C(C)C)c(cc1C(C)C)C(C)C)C;119;31.53
NOC(=O)C(c1ccc(cc1)C)(C)C;119;68.92
COc1ccccc1NC(=O)c1cnc(c(n1)Cl)C(C)(C)C;119;196.96
Fc1ccc(c(c1)B(O)O)OCc1ccccc1;119;163.37
OCc1ccc(cc1)CO;119;61.13
COc1cc(cc(c1O)OC)C(=O)C;119;97.82
O=CN(CC(=O)O)O;119.5;102.93
OC(c1ccc(cc1)Cl)C(=O)O;120;105.35
Nc1ccc(c2c1cccc2)N;120;109.72
CNC(=O)Oc1cc(C)c(c(c1)C)SC;120;95.12
CCOC(=O)c1c(SC)nn(c1N)C(=O)Cc1ccccc1;120;194.41
ON(c1ccccc1)/C=C/c1ccccc1;120;133.25
CCSC(=O)NCCCN(C)C;120.5;108.57
COC(=O)/C(=C/c1ccc(cc1)[N+](=O)[O-])/c1ccccc1C(=O)OC;121;157.56
Clc1ccc(cc1)N1C(=O)C2C(C1=O)ON=C2C(=O)c1ccc2c(c1)cccc2;121;277.12
CCOC(=O)/C(=C\c1ccc(o1)c1ccccc1OC)/C#N;121;159.97
NNC(=S)Nc1cccc(c1)C(F)(F)F;121;105.63
Oc1ccc(cc1)C1=Cc2ccccc2C(O1)c1ccccc1;121;178.09
O=C(C(Cl)(Cl)Cl)c1ccc(cc1)C(=O)C(Cl)(Cl)Cl;121;130.36
COC(=O)c1cccc(n1)C(=O)OC;121;9.77
CC(=O)Nc1ccccc1c1ccccc1;121;148.56
N#CC1(OC(=O)c2c(C1)cccc2)c1ccccc1C;122;167.58
O[C@H]1[C@H](C)O[C@@H]([C@H]([C@@H]1O)O)O;122;103.56
S=c1n(CN2CCCCC2)nc(n1/N=C/c1ccc2c(c1)OCO2)C(F)(F)F;122;215.87
CN1C(=O)CC(=O)N(C1=O)C;122;164.6
ON=Cc1cscc1;122;36.55
CCP(=O)(c1ccccc1)c1ccccc1;122.5;74.05
CCC(=C)C(=O)c1ccc(c(c1Cl)Cl)OCC(=O)O;122.5;159.81
Brc1cc(Br)cc(c1)Br;123;65.27
O=C/C(=C(\C(=O)O)/Br)/Br;123;98.92
Cc1ccc2c(c1)Sc1c(S2)ccc(c1)C;123;129.79
OB(c1cccc(c1)OCc1ccccc1)O;123;162
CN(c1nnc(c(n1)c1nc(nnc1Br)N(C)C)Br)C;123;200.49
N#CC(=C(SCc1ccccc1)SCc1ccccc1)C(=O)N1CCOCC1;123;247.6
CC(=O)NC1Cc2c1cccc2;123;109.8
CCOc1cc(ccc1O)C(=S)N1CCCCC1;123;152.07
O=C1C=C(Cl)C(=O)C(=C1)Cl;123;68.26
COc1ccc(cc1)C(c1ccccc1)(c1ccccc1)Cl;123;141.51
CCCCCCCC(=O)c1ccc(cc1)NC(=O)C;123;165.83
Cc1cc(Cc2cc(C)cc(c2O)C(C)(C)C)c(c(c1)C(C)(C)C)O;123;186.79
Brc1ccc2c(c1)c(Cl)ncc2;124;90.75
OCCCSc1ccc(cc1C(=O)OC)S(=O)(=O)N;124;194.08
O=C1CCC(=O)N1;124;148.85
Nc1ccc(cc1)N=Nc1ccccc1;124;93.58
COC(=O)c1cc(Br)c(c(c1)Br)O;124;117.89
CNC(=O)Oc1ccc2c(c1)C1(C)CCOC1N2C;124.5;129.97
CCOc1ccc(cc1OC)Cc1nc(C)cc2c1cc(OC)c(c2)OC;124.5;201.58
COc1c(Br)ccc(c1C(=O)O)C;125;117.39
O=Cc1cccc2c1c(ccc2)[N+](=O)[O-];125;122.41
Nc1cc(Cl)c(c(c1)Cl)N;125;91.81
Cc1cc(Sc2cc(C)c(c(c2)C(C)(C)C)O)cc(c1O)C(C)(C)C;125.5;196.91
C12C3C4C2C2C1C3C42;125.5;-22.19
Cc1ccccc1/N=N/c1c(N)ccc2c1cccc2;125.5;161.46
N#Cc1ccc(cn1)Br;126;54.22
[O-][N+](=O)c1ccc(cc1)/N=N/c1ccc(c(c1)C)N(C)C;126;147.48
[O-][N+](=O)c1cc([N+](=O)[O-])c(c(c1)C(C)(C)C)O;126;139.35
CCC1(CCC2(C(C1)CCC1C2CCC2(C1CCC2=O)C)C)OC(=O)C;126;161.84
Cc1[nH]nc(c1)c1ccccc1;126;101.13
COc1ccccc1C1Nn2c(S1)nnc2COc1ccccc1;126;203.06
ClCC(C(CCl)O)O;126.5;25.8
OC(=O)C(c1ccc(cc1)Cl)(C)C;127;89.44
CC(=O)Nc1cccc(c1)C(=O)C;127;126.79
Fc1ccc(c(c1Cl)C(=O)O)F;127;70.38
CC(c1cc(/[N+](=N/c2ccccc2)/[O-])c(cc1/[N+](=N/c1ccccc1)/[O-])C)C;127;329.38
COc1ccc(cc1)NC(=O)C;127;106.95
Nc1ccc(cc1)c1ccc(cc1)N;128;125.79
CC(C(=O)N)C;128;31.58
O/N=C/c1ccc(o1)c1ccccc1OC;128;120.57
NCCc1ccc(c(c1)O)O;128;108.74
Nc1ccc(cn1)I;128;64.5
CC1CC(=O)CC(=O)C1;128;28.96
ON=C(c1ccccc1)O;128;37.53
Clc1ccc2-c3c(Cc2c1)cc(cc3)Cl;128;106.97
CC(=O)C(=Cc1ccc(o1)c1ccccc1[N+](=O)[O-])C(=O)C;128;178.27
COc1cc2c(cc1OC)CCN1C2CC(=O)C(C1)CC(C)C;128;157.78
CCCNC(=O)NS(=O)(=O)c1ccc(cc1)Cl;128;179.92
NC(=S)N1CCCCC1;128;53.28
CC(c1ncc[nH]1)C;129;46.02
O=C1CC(=NN1c1ccccc1)C;129;113.39
Oc1ccc(c(c1)C)O;129;59.59
C1Oc2c(O1)cc(cc2)N1N=N1;129;92.76
OC(C(=O)O)SC(C(=O)O)O;129;152.61
OC(=O)Cc1ccc(cc1Cl)Cl;129;97.55
c1ccc(cc1)c1ccc[nH]1;129;55.88
CCCCOc1ccc(cn1)/N=N/c1ccc(nc1N)N;129;191.65
CCCCNC(=O)NS(=O)(=O)c1ccc(cc1)C;129;182.03
ClS(=O)(=O)c1cccc2c1nccc2;129;133.76
CC(=O)Oc1c[nH]c2c1cccc2;129;86.66
CC(=O)Nc1ccc(cc1C)C;129.3;107.12
COc1ccc2c(c1)cc1n(c2=O)cccc1;130;127.81
COC(=O)c1cc(Cl)ccc1NC(=O)C;130;137.13
Clc1cccc(=O)[nH]1;130;79.88
O=Cc1ccc(cc1)OCc1ccc(cc1)[N+](=O)[O-];130;143.74
Ic1ccc(cc1)I;130;42.23
CC(=O)NNc1ccccc1;130;107.66
Cc1cc2N(CCC#N)C(=O)COc2cc1;130;148.33
ClCC1OC(C(C1O)O)(CCl)OC1OC(CO)C(C(C1O)O)Cl;130;236.84
COC(=O)c1cccc(c1O)[N+](=O)[O-];131;118
OC1CC(C)(C)NC(C1)(C)C;131;52.68
Ic1ccc(cc1)n1cccc1;131;84.31
[O-]/[N+](=N\c1ccccc1)/c1ccc(cc1)/N=N/c1ccccc1;131;241.89
Fc1ccc(c(c1F)C(=O)O)F;131;49.08
COc1c(cc(c(c1C(=O)O)OC)Cl)[N+](=O)[O-];131;161.5
COc1cccc(c1)S(=O)(=O)N;132;103.01
Oc1cccc(c1)OC(=O)c1ccccc1;132;107.54
NNC(=S)Nc1cccc(c1)Cl;132;116.94
[O-][N+](=O)c1cc([N+](=O)[O-])c(c2c1cccc2)O;132;162.26
NC(=O)CN(C(=O)COC(=O)c1ccccc1OC(=O)C)C;132.5;192.33
CCOc1ccccc1C(=O)N;133;114.02
ClCN1C(=O)c2c(C1=O)cccc2;133;165.43
OCc1ccc(cc1)CC(=O)O;133;106.16
CC(=O)Nc1c(C)ccc2c1C(=O)c1ccccc1C2=O;133;210.09
CC1CCC(C(C1)OC(=O)C(=Cc1ccccc1)C(=O)C)C(C)C;133;128.72
Ic1ccc(nc1)N1CCOCC1;133;105.26
OCCN(c1ccc(cc1)/N=N/c1ccc(cc1Cl)[N+](=O)[O-])CC;133;201.47
CN(c1ccc(cc1)N=C1C=CC(=O)C=C1)C;133.5;107.03
OC(C(C)(C)C)C(n1ncnc1)Oc1ccc(cc1)Cl;133.5;152.51
O=C(c1ccccc1)NC(C)(C)C;134;104.29
OC(=O)Cc1cccc(c1Cl)Cl;134;97.55
Clc1cc([N+](=O)[O-])c(c(c1)C(=O)C)O;134;127.26
N#Cc1cccnc1N;134;67.71
O=C1OC(c2ccccc2)(c2ccccc2)C2(CCC1C(C)(C)O2)C;134;176.76
COC(=O)Oc1ccccc1C(=O)O;134;83.93
N#C/C(=C/c1ccc(cc1)N(C)C)/c1scc(n1)c1ccc(cc1)Cl;134;219.6
N#C/C(=C\c1ccc(cc1)F)/c1nc2c(n1C)cccc2;134;187.23
Clc1ccccc1C(=O)C(=O)c1ccccc1Cl;134;132.66
O=C(N(c1ccccc1)C)COc1nc2c(s1)cccc2;134.8;191.72
CC(=O)OCCOCn1cnc2c1nc(N)nc2;135;186.42
CCOC(=O)NNC(=O)OCC;135;-20.14
O=C(c1cccnc1)O[C@@H]1[C@@H](COC(=O)c2cccnc2)O[C@]([C@H]1OC(=O)c1cccnc1)(O)COC(=O)c1cccnc1;135;306.76
O=C1C(=CC(=O)c2c1cccc2)NCNc1ccccn1;135;189.19
O=C1CCC2(C(C1)CCC1C2CCC2=C1CCC2(C)C)C;135;132.72
Cc1oc2-c3c(CCC(c2c1)(C)c1ccccc1)oc1c3cccc1;135;188.5
OC(=O)c1cccc(c1)S(=O)(=O)Cl;135;136.21
[O-]C(=O)CC(=O)[O-];135;73.32
CC(c1cc(Cl)c(c(c1)Cl)O)(c1cc(Cl)c(c(c1)Cl)O)C;135;183.78
O=C(OC1C=CC=CCC1OC(=O)Nc1ccccc1)Nc1ccccc1;135;161.07
CN1Cc2c(C3C1c1cc4OCOc4cc1CC3O)ccc1c2OCO1;135.5;206.49
O=C(c1cnc(cn1)C(C)(C)C)Nc1cc(cc(c1)C(F)(F)F)C(F)(F)F;136;180.37
OC(=O)CC(=O)O;136;73.32
OC(c1ccc(cc1)F)C(=O)O;136;87.18
CCC(C(=O)O[C@H]1C[C@@H](C)C=C2[C@H]1[C@@H](CCC1C[C@@H](O)CC(=O)O1)[C@H](C=C2)C)(C)C;136.5;206.76
COC(=O)C1=C(C)NC(=C(C1c1cccc(c1)[N+](=O)[O-])C(=O)OCCN(Cc1ccccc1)C)C;137;245.38
OB(c1ccnc(c1Cl)Cl)O;137;132.66
Cc1ccc(s1)C(=O)O;137;76.02
CCOC(=O)c1c[nH]nc1C;137;77.82
OC(=O)c1c(cccc1C(F)(F)F)C(F)(F)F;138;63.08
Oc1nc2c(s1)cccc2;138;99.58
CC(=O)NC(=O)CN;138;152.81
CCc1c(Br)c(Br)c(c(c1Br)Br)Br;138;137.69
O=C(C(c1ccco1)O)c1ccco1;138;88.28
Cc1cncc(c1)O;138;25.91
Cc1ccc(cc1)C(=O)c1ccccc1C(=O)O;138;150.24
O=S1(=O)C=Cc2c1cccc2;138;77.9
O=c1n(cnc2c1cccc2)c1ccccc1;139;150.37
CCOC(=O)c1c[nH]c2c(c1=O)CNN2C;139;149.73
OC(=O)c1cscc1;139;62.8
CCCn1c(cc2c1n(C)c(=O)n(c2=O)C)C(=O)O;139;208.08
Brc1ccc2c(c1O)nccc2;139.5;116.31
CCC(C(C(=O)O)(C)C)c1ccc2c(c1)ccc(c2)OC;139.5;157.47
c1ncc2c(n1)nccn2;139.5;88
CCOC(=O)Cn1cnc(=O)c2c1ncn2CC(=O)OCC;139.85;197.79
OCc1cc(c(c(c1)C(C)(C)C)O)C(C)(C)C;140;119.91
OS(=O)(=O)c1cccc2c1cccc2;140;139.18
O=c1oc2c([nH]1)cccc2;140;76.69
CC1=NN(C(=O)C1Cc1ccccc1O)c1ccccc1;140;193.31
CN1CCN(CC1)CCCN1c2ccccc2Sc2c1cc(cc2)S(=O)(=O)N(C)C;140;243.26
Clc1ccc(cc1)C(C(=O)C1C(=O)c2c(C1=O)cccc2)c1ccccc1;140;219.43
COc1cc(ccc1OC)/C=C/[N+](=O)[O-];140;92.96
COc1cc(/C=N/c2ccccc2)ccc1O;140;120.45
Cc1ccc(cc1)Nc1ccc(cc1[N+](=O)[O-])[N+](=O)[O-];140;163.93
BrCCNC(=O)c1cc(cc(c1)[N+](=O)[O-])[N+](=O)[O-];140;196.96
OC1(Cn2ncnc2)/C(=C/c2ccc(cc2)Cl)/CCC1(C)C;140;175.08
Oc1cccc(c1)C1CC(=O)c2c(O1)cccc2;140;146.01
CCOC(=O)Cc1cc(CC(=O)OCC)c(cc1NC(=O)OCC)NC(=O)OCC;140;183.53
O=Cc1cccc2c1CCOC2=O;140;87.06
OC(=O)COc1ccc(cc1)C;140;87.05
Oc1ccc(cc1)Nc1ccc2c(c1)cccc2;140;146.89
COCC1(CCN(CC1)CCn1nnn(c1=O)CC)N(c1ccccc1)C(=O)CC;140.8;239.41
FC(c1nnc(n1N)S)(F)F;141;79.86
Brc1cccc(n1)c1cccnc1Cl;141;125.84
Cc1c2ccc3c(c2cc2c1cccc2)cccc3;141;148.4
CC(=O)c1cccc(c1O)C(=O)O;141;128.24
CCCC[C@@H](C(=O)O)NC(=O)OCC1c2ccccc2-c2c1cccc2;141;212.93
CC(C(=O)O)CC(=O)c1ccccc1;141;100.04
CNS(=O)(=O)Cc1ccc(cc1)N;141;128.64
OC(=O)c1ccccc1S(=O)(=O)O;141;158.55
OOC(c1ccc(cc1)C(OO)(C)C)(C)C;141;111.66
NC(=O)c1c(F)cccc1Cl;141;103.96
Nc1cccc(c1)S(=O)(=O)N;141;124.42
NC(=O)c1ccccc1Cl;142;102.08
CCCN(C(=O)C(NC(=O)c1ccccc1)CCC(=O)O)CCC;142;232
NC(=O)c1ccccc1C;142;93.65
Cc1cc(F)cc(c1)C(=O)O;142;66.3
O=C1OC(=O)c2c(C1)cccc2;142;31.03
OC(=O)c1ccccc1C(=O)N;142;155.03
NC(=O)c1cccc(c1)[N+](=O)[O-];142;136.89
CCCc1ccc(cc1)C(=O)O;142;83.17
CCOC(=O)C1=C(C)Nc2c(S1)cccc2;143;124.82
COC(=O)CC1Sc2ccccc2NC1=O;143;170.44
Ic1cnc(c(c1)C)NC(=O)C(C)(C)C;143;161.2
c1ccc2c(n1)nccn2;143;69.45
N=C(Nc1ccccc1)NC(=N)N;143;126.1
OCc1cc(OCc2cc(COc3cc(CO)cc(c3)CO)cc(c2)COc2cc(CO)cc(c2)CO)cc(c1)CO;144;349.84
[O-][N+](=O)c1ccc(cc1O)N1CCOCC1;144;144.14
OC(c1c(F)cccc1F)C(=O)O;144;89.01
Clc1ccc(cc1)C(=O)C1=NOC2C1C(=O)N(C2=O)c1ccc(cc1)C(=O)O;144;282.51
Fc1ccc(c2c1non2)S(=O)(=O)N;144;146.46
Cc1c(C)c2ccccc2c2c1cccc2;144;108.94
Cc1ccc(=O)[nH]n1;144;109.05
OC(=O)Cc1ccc2c(c1)N(C)c1c(S2)cccc1;144;178.08
OC(=O)CCC(=O)OC(c1oc2c(c1C)cc(cc2)C1=CC(=O)OC1)C;144;227.45
Nc1ccc(cc1)Sc1ccc(cc1)[N+](=O)[O-];144;155.13
O=C(C(C(=O)N1CCCCC1)c1ccccc1)N1CCCCC1;144.35;182.65
[O-][N+](=O)c1c(O)cccc1[N+](=O)[O-];144.5;118.46
NNC(=O)c1ccc(c(c1)OC)OC;145;145.22
COc1ccc(cc1)C1(C)CCc2c(-c3c1cc(o3)C)c1c(o2)cccc1;145;201.85
CCOc1ccccc1OS(=O)(=O)NC(=O)Nc1nc(OC)cc(n1)OC;145;243.52
N#Cc1c(Cl)cccc1Cl;145;52.67
Brc1cc(Br)c(nc1C)N;145;102.99
O=C(C(C(C(C(C(C(C(C(F)(F)F)(F)F)(F)F)(F)F)(F)F)(F)F)(F)F)(F)F)Nc1cccnc1;145;120.18
CN(c1ccc(cc1)C(=O)Cl)C;145;52.28
O=C1OC(=N/C/1=C/c1ccc(o1)c1cccc(c1)[N+](=O)[O-])c1ccccc1;145;235.17
CC1CCc2c(N1)cc1c(c2)N(C(CC1)C)C(=O)c1ccccc1;145;196.77
C1CC2CCCC(C1)C2;145.5;-39.53
COc1cc2oc(=O)ccc2cc1OC;145.5;102.92
OC(=O)c1ccc(c(c1)C(F)(F)F)O;146;102.71
O=C(C1C(=O)C2(C(C1CC2)(C)C)C)OCC1(C)CCC(C1(C)C)C;146;141.9
O=C(c1cc(OCC(F)(F)F)ccc1OCC(F)(F)F)NCC1CCCCN1;146;190.91
O=C(C(C(C(C(C(C(C(C(F)(F)F)(F)F)(F)F)(F)F)(F)F)(F)F)(F)F)(F)F)Nc1nccs1;146;130.14
O=C(c1ccccc1)/C=C/c1cccc(c1)[N+](=O)[O-];146;144.27
COc1cc([N+](=O)[O-])c(cc1OC)CO;146;123.33
COC(=O)c1cc(cc(c1)C(=O)OC)C(=O)OC;146;11.99
O/N=C/1\C=CC2C(C1(C)CC2)(C)C;146;68.08
Cl/C(=C/c1ccccc1)/c1cc(/C(=C/c2ccccc2)/Cl)c(cc1[N+](=O)[O-])[N+](=O)[O-];146;235.11
CCC(=O)c1ccc(c(c1)O)O;146;105.1
NC(=O)Cc1cccs1;147;107.99
COc1ccc(cc1)C(=O)C1=NOC2C1C(=O)N(C2=O)c1cc(Cl)ccc1Cl;147;263.78
OC(=O)CCCOc1ccccc1NC(=O)c1ccc2c(c1)CC1(C2)CCC(CC1)c1ccc(cc1)C(C)(C)C;147;315.15
COc1ccc(cc1)C(=O)c1cc(OC)c(cc1[N+](=O)[O-])OC;147;180.63
c1ccc(cc1)Nc1ccc(cc1)Nc1ccccc1;147;143.27
O/N=C(\c1ccc(cc1)N)/Cc1ccc(cc1)N;147;169.38
CC(=O)Nc1ccc(cc1Cl)Cl;147;123.02
OP(=O)(CCN(CP(c1ccccc1)c1ccccc1)CP(c1ccccc1)c1ccccc1)O;147;90.27
OC(=O)C(c1ccccc1)c1ccccc1;147;121.07
CCOC(=O)Nc1ccc2c(c1)nn(n2)C;148;133.54
OC(=O)c1cccc(c1O)[N+](=O)[O-];148;146.95
CC(=O)Nc1cccc(c1)O;148;119.92
c1cnc2c(c1)nc[nH]2;148;109.85
N#Cc1c(cccc1[N+](=O)[O-])[N+](=O)[O-];148;118.18
CCCOC(=O)c1cc(O)c(c(c1)O)O;148;145.55
CC/C(=N\NC(=O)N)/CCCc1ccccc1;149;133.72
Clc1ccc(c(c1)S(=O)(=O)N)N;149;134
COc1ccc(c(c1)C(F)(F)F)C(=O)O;149;79.97
N#C/C(=C\c1ccccc1C)/c1nc2c(s1)cccc2;149;180.74
O=C1OC(=N/C/1=C/c1ccccc1F)c1ccccc1;149;150.77
OC(=O)COc1nc(Cl)c(cc1Cl)Cl;149;135.2
OC1C(C(C2C(O)C3CCC(C2=O)(C3(C)C)C)c2ccccc2)C(=O)C2(C(C1CC2)(C)C)C;149;240.04
CCCCCCC1C(=O)OC(C)(CC(=O)OC(C1OC(=O)CC(C)C)C)NC(=O)c1ccc(cc1O)NC=O;149.5;349.84
OC(=O)C(NC(C(=O)N1CCCC1C(=O)O)C)CCc1ccccc1;149.5;316.79
O=C(C(=O)O)Nc1ccccc1;150;146.57
[O-][N+](=O)c1cccc(c1C)O;150;83.9
CC(=O)Oc1cccc(c1C)C(=O)O;150;104.79
OB(c1c(cccc1C(F)(F)F)C(F)(F)F)O;150;103.26
OC[C@H]1OC(O)C[C@H]([C@@H]1O)O;150;107.82
CN(c1ccc(cc1)/C=C/c1ccccc1)C;150;84.72
CN(c1ccc(cc1)/N=C(/c1cccc(c1)/C(=N/c1ccc(cc1)N(C)C)/C#N)\C#N)C;150;254.89
Clc1ncnc(c1)N1CCOCC1;150;100.01
OCC1OC(CC1O)n1cc(F)c(=O)[nH]c1=O;150.5;221.73
O=c1nc2ccccc2nc(c1NNc1ccc2c(c1)cccc2)C(F)(F)F;151;242.8
OC1CCC2(C(C1)CCC1C2CCC2(C1CCC12OCCO1)C)C;151;156.27
NCc1ccc(cc1)S(=O)(=O)N;151;118.89
NC(=S)c1ccc2c(c1)cccc2;151;106.7
N#Cc1ccc(cc1)CC(=O)O;151;103.26
O=C(COC(=O)c1ccccc1)NCC(=O)N;151.5;197.08
CC(=O)N1c2ccccc2[C@@H](C1=O)[C@@]1(O)C(=O)N(c2c1cccc2)C(=O)C;151.85;283.72
COc1ccc(cc1)/C=C/1\CN(c2c(N1S(=O)(=O)c1ccc(cc1)C)cccc2)S(=O)(=O)c1ccc(cc1)C;151.85;315.41
N#C/C(=N\Nc1ccc(cc1)C)/c1scc(n1)c1ccc(cc1)OC;152;222.12
OC(=O)C1CC(=O)N(C1)C;152;106.93
NC(=O)CN1CCCC1=O;152;131.72
CC(Oc1ccc(cc1)O)(C)C;152;51.62
OC(=O)CC1CCC2(C(C1)CCC1C2CCC2(C1CCC2OC(=O)C)C)C;152;191
OC1CCC2(C(C1)CCC1C2CCC2(C1CCC2(O)CCc1ccccc1)C)C;152;205.85
OB(c1c(Cl)cccc1Cl)O;152;124.8
COCCOc1cnc(nc1)NS(=O)(=O)c1ccccc1;152;186.6
COc1ccccc1C1Nn2c(S1)nnc2c1ccc(cc1)[N+](=O)[O-];152;224.59
Fc1ccc(cn1)O;152;12.23
CC(=O)Nc1ccc(cc1)F;152;84.99
COC(=O)[C@]1(O)CC2=C(c3c1cc(OC)nc3Cl)N(CCC2)C;152.85;178.58
OC(=O)/C=C/c1c(F)c(F)c(c(c1F)F)F;153;74.01
CC(=O)C1=CCC2(C(C1)CCC1C2CCC2(C1CCC2=O)C)C;153;149.77
OC(C(c1ccc(cc1)F)O)c1ccc(cc1)F;153;110.36
O=CC(C(C(C(=O)O)C(=O)O)c1ccccc1)(C)C;153;174.8
C=CC1=C(CCCC1)/C=N/Nc1ccc(cc1[N+](=O)[O-])[N+](=O)[O-];153;182.53
[O-][N+](=O)c1cc(Br)c(c(c1N)C)C;153;121.16
OC1O[C@H](COCc2ccccc2)[C@H]([C@@H]([C@H]1OCc1ccccc1)OCc1ccccc1)OCc1ccccc1;153;282.37
O=C1CCc2c1c(C)c(C)c(c2C)C;154;82.01
NC(=O)c1ccccc1OC(F)(F)F;154;102.33
CC(=O)C(=Cc1ccc(o1)c1cccc(c1)[N+](=O)[O-])C(=O)C;154;178.27
Oc1ccc(cc1)/N=N/c1ccccc1;154;99.21
c1ccc2c(c1)c(ccc2)c1cccc2c1cccc2;154;152.02
S=C(c1ccc2c(c1)OCO2)N1CCOCC1;154;134.05
COc1ccccc1c1ccccc1OC;154;88.29
O[C@H]1CC[C@]2([C@@H](C1)CC[C@@H]1[C@@H]2CC[C@]2([C@]31O[C@@H]3C[C@@H]2c1ccc(=O)oc1)C)C;155;210.73
COc1ccc2c3c1O[C@@H]1[C@@]43CCN([C@H](C2)[C@@H]4C=C[C@@H]1O)C;155;168.56
OCC(C(=O)N)NC(=O)OCC1c2ccccc2-c2c1cccc2;155;230.52
COC(=O)C(C(C)C)NC(=O)c1cn(CC)c2c(c1=O)ccc(n2)C;155;214.66
O=C1C=C[C@]2(C(=C1)C(=C)C[C@@H]1[C@@H]2CC[C@]2([C@H]1CCC2=O)C)C;155.13;155.13
O=C1C=CC(=O)N1c1ccc(cc1)C(=O)C;156;181.29
CCOC(=O)c1cc2c([nH]1)ccc(c2)OC;156;113.55
Fc1ccc(cc1)N1C(=O)C2C(C1=O)C(=NO2)C(=O)c1ccccc1;156;234.02
CC(c1ccc(cc1)C(=O)O)Br;156;95.94
S=c1n(CN2CCN(CC2)Cn2nc(n(c2=S)/N=C/c2ccc3c(c2)OCO3)C(F)(F)F)nc(n1/N=C/c1ccc2c(c1)OCO2)C(F)(F)F;156;349.84
NC(=O)CS(=O)(=O)c1ccccc1;156;155.72
CC(=CCC1C(=O)N(N(C1=O)c1ccccc1)c1ccccc1)C;156.5;217.77
O=C1CC[C@]2(C(=C1)[C@@H](C)C[C@@H]1[C@@H]2[C@@H](O)C[C@]2([C@H]1CC[C@@H]2C(=O)C)C)C;156.5;183.32
Fc1ccc(cc1)C(=CC1=C(N(C)C)C(=O)N(C1=O)c1ccccc1)c1ccc(cc1)F;156.85;262.2
O=C(c1ccccc1)NC1Cc2c1cccc2;157;154.37
COc1ccc(cc1C(=O)O)[N+](=O)[O-];157;128.69
O=C1OC2(c3c1cccc3)OC=C(C2=O)c1ccccc1;157;176.55
C#CC1(O)CCC2C1(C)CCC1C2CCC2C1(C)CCCC2(C)C;157;151.19
O/N=C/C(=N/O)/C;157;-6.34
CC(=O)OCC(=O)C1CCC2C1(C)CCC1C2CCC2=CC(=O)CCC12C;157;185.81
CCC(C1(O)CCC(CC1)c1ccccc1)C(=O)O;157;145.57
OC(=O)Cc1ccccc1Nc1c(Cl)cccc1Cl;157;174.6
COc1c(cccc1C(=O)O)B(O)O;157.35;174.97
O=C1CC[C@@H]2[C@]1(C)CC[C@H]1[C@H]2CC[C@@H]2[C@]1(C)CC[C@@H]1[C@H]2O1;158;132.78
O/N=C(/CCc1oc2c(c1c1ccc(o1)C)cc(cc2Br)Br)\C;158;212.76
CC(=O)c1c(O)cccc1O;158;95.94
Clc1ccc(cc1)/C=C/C(=O)c1ccc(cc1)Cl;158;123.97
CCOC(=O)c1c(SC)nn(c1N)C(=O)c1ccc(cc1)[N+](=O)[O-];158;215
OC(=O)CCSSCCC(=O)O;158;141.49
O=C1N(CCS(=O)(=O)Cl)C(=O)c2c1cccc2;158;204.69
Ic1cc(I)c(c(c1)I)O;158;131.38
O=C(c1cccnc1)NC(c1ccccc1)Cc1ccccc1;159;205.26
[O-][N+](=O)c1ccc2c(c1)C=CC1(O2)N(Cc2ccccc2)c2c(C1(C)C)cccc2;159;218.78
Nc1ccc2c(c1)nccn2;159;100.33
O=c1c2c(cc(cc2n(n1c1ccccc1)C)N1CCCC1)c1ccccc1;159;235.94
Nc1cccc(c1)/C=C/C(=O)c1ccccc1;159;129.62
OC(=O)/C=C/c1cccc(c1)Cl;159;92.85
Cc1cn([C@@H]2O[C@@H](C=C2)CO)c(=O)[nH]c1=O;159.5;210.35
OB(c1cccnc1Cl)O;160;123.34
OC(=O)/C=C(/C=C/C1(O)C(=CC(=O)CC1(C)C)C)\C;160;162.88
Nc1cc(Cl)c(cc1N)Cl;160.5;91.81
O=Cc1ccc(c(c1)C(F)(F)F)O;161;54.01
C=CCc1c(O)c(cc(c1O)C(=O)c1ccccc1)C(=O)c1ccccc1;161;225.19
COc1ccc2c(c1)oc(=O)cc2C;161;87.83
OC[C@@H]1CC[C@@H](O1)n1cnc2c1nc[nH]c2=O;161.5;241.88
COC(=O)c1ccc(cc1)c1ccsc1;162;103.03
CCCCCCN(C(=O)COC(=O)c1ccccc1)CCCCCC;162.5;167.61
OC(=O)c1c(Cl)cc(cc1Cl)Cl;163;108.94
OC(=O)CCC(=O)c1ccc(c(c1)Cl)C1CCCCC1;163;164.45
Oc1ccc(cc1)C(=O)/C=C/c1ccco1;163;116.91
O=C(c1ccccc1)c1ccc(cc1)C(=O)c1ccccc1;163;158.55
ClC1C(=O)CC(CC1=O)(C)C;163;61.67
Cc1ccc(cc1)/C=C(/c1nc2c(s1)cccc2)\Oc1ccccc1;163;205.18
C1Cc2c1c1ccc3c(c1cc2)CC3;163;89.39
ClCCN(c1ccc(cc1)CCCC(=O)OCC(=O)C1(O)CCC2C1(C)CC(O)C1C2CCC2=CC(=O)C=CC12C)CCCl;163.5;324.15
S=C(Nc1cc(Cl)cc(c1)Cl)Nc1ccc(cc1)F;163.5;155.34
N#Cc1cc(C)cc(c1)C#N;164;67.2
O=C(c1cccc(c1)C(=O)O)c1ccccc1;164;140.07
COc1cc(ccc1OC)C(=O)N;164;128.21
O=C1OC=C(C1)C(=O)O;164;79.48
OB(c1cccc(c1)C(F)(F)F)O;164;94.5
CC(C1=CC2=C(CC1)C1(C)CCCC(C1CC2)(C)C(=O)O)C;164.5;156.8
FC(c1n[nH]c(=S)n1n1cccc1)(F)F;165;153.3
COc1c(F)cc(cc1F)C(=O)O;165;74.32
CN(c1ccc(cc1)N=c1cc(sc(c1)c1ccccc1)c1ccccc1)C;165;
CN(c1ccc(cc1)[N+](=O)[O-])C;165;59.49
O/N=C(\C(=N/O)\c1ccco1)/c1ccco1;165;120.23
NC(=O)c1ccccc1Cc1ccccc1;165;147.94
COC(=O)c1ccc(cc1)CS(=O)(=O)C;165;110.56
Ic1nccc(c1)C(=O)N;165;131.22
NC(C(=O)O)CS(=O)CC=C;165;280.86
c1ccc(cc1)N1CCN(CC1)c1ccccc1;165;120.64
CC(Oc1ccc(cc1)C(=O)O)C;165;88.06
OCCS(=O)(=O)c1ccc(cc1)S(=O)(=O)N;165;188.46
OC[C@H]([C@@H](c1ccc(cc1)S(=O)(=O)C)O)NC(=O)C(Cl)Cl;165.3;234.19
COc1cc2c(cc1OC)OC[C@@H]1[C@H]2C(=O)c2c(O1)c1C[C@@H](Oc1cc2)C(=C)C;165.5;213.16
OC[C@H]1OC(C[C@@H]1O)n1ccc(=O)[nH]c1=O;166;221.66
O=C1c2ccccc2-c2c3c1cccc3c(cc2)Br;166;171.95
NNC(=S)NCCN1CCOCC1;166;119.41
CN1C(=O)N(C)C(=O)C(=NNc2c(Br)cc(cc2Br)Br)C1=O;166;263.97
Oc1ccc(cc1)c1ccc(cc1)Br;166;115.33
O=C(C(=O)C)Nc1ccc(cc1)Br;166;138.42
NC(=O)C(c1ccccc1)c1ccccc1;166;145.93
Clc1cc(C(=O)O)c(cc1Cl)Cl;166.5;108.94
CNC(=O)OC(C)(C)C.CCOC(=O)[C@H]1C[C@@H]([C@@H]([C@@H]1NC(=O)OC(C)(C)C)O)CC;166.5;
COc1ccc2c(c1)[nH]c(n2)Cl;167;126.74
CSc1ccccc1C(=O)O;167;91.99
CCOC(=O)c1cc2cc3cc(C(=O)OCC)c(nc3cc2nc1C)C;167;186.31
Nc1ccc(cc1)S(=O)(=O)Nc1noc(c1)C;167;172.43
O=NN(C1=CC(=O)C2(C(C1CC2)(C)C)C)C;167;122.37
O=C(CC(C)(C)C)OCC(=O)C1(O)CCC2C1(C)CC(O)C1C2CCC2=CC(=O)CCC12C;168;233.57
Clc1ccc(cc1)C(C1C(=O)N(N=C1C(F)(F)F)c1ccccc1)O;168;197.22
Clc1ccc(cc1)N/C=C/1\C(=O)C2(C(C1CC2)(C)C)C;168;142.58
COc1cc(OC)ccc1S(=O)(=O)N;168;125.6
Fc1ccc(c(c1)Br)C(=O)O;168;83.38
OCC(C1OC(=O)C(=C1O)O)O;168.5;155.71
O=[NH+]N1C(c2ccccc2)C(=O)c2c1cccc2;169;
NNC(=O)c1ccc(cc1Cl)Cl;169;139.15
COc1ccc(cc1)/C=C(/c1nc2c(s1)cccc2)\C(=O)N;169;217.94
NC1=NN(CC1)c1ccccc1;169;88.84
O=C(c1ccc(cc1)[N+](=O)[O-])C=Cc1cccs1;169;152.12
O=Cc1ccc(cc1F)O;169;45.38
N#CC(Nc1nc(NC2CC2)nc(n1)Cl)(C)C;170;157.97
c1ccc(cc1)O/C(=C/c1ccc2c(c1)OCO2)/c1nc2c(s1)cccc2;170;221.44
COc1cc(OC)nc(n1)NC(=O)NS(=O)(=O)c1n(C)ncc1c1nnn(n1)C;170;279.61
O=C1CCC2(C(=C1)C=CC1C2CCC2(C1CCC2C(=O)C)C)C;170;150.64
COc1ccccc1c1ccc(o1)/C=C/1\N=C(OC1=O)c1ccccc1;170;220.21
Fc1ccc2c(c1)onc2C1CCN(CC1)CCc1c(C)nc2n(c1=O)CCCC2;170;235.93
O=C1NN(CC1(C)C)c1ccccc1;170;139.29
COc1cc2c(cc1OC)nnc(c2c1ccc(o1)C)/C=C/C(=O)C;170;220.18
Oc1ccc(c(c1)C(=O)O)[N+](=O)[O-];170;146.95
OC(=O)c1ccc(c(c1)C)N;170;106.04
C=CCC1=C(O)C2=CC=C3C(C2=C(C1=O)O)(C)CC(=O)C(=C3C)C;171;219.36
N#C/C(=C\c1ccc(cc1)F)/c1nc(c(s1)/N=N/c1c(Br)cc(cc1Br)Br)C;171;249.39
COc1ccc(cc1F)C(=O)CCC(=O)O;171;123.23
COC(OC)(OC)N;171.5;-9.66
Ic1cc(I)c(c(c1I)I)I;172;160.71
CCC1(C2=CCCCC2)C(=O)NC(=O)NC1=O;172.5;242.18
OS(=O)(=O)CCS(=O)(=O)O;173;145.24
C[Si]1(C)Oc2ccc3c(c2-c2c(O[Si](O1)(C)C)ccc1c2cccc1)cccc3;173;215.22
OC(=O)c1c(C)cccc1O;173;106.06
O1CCN(CC1)c1nc(nc(n1)N1CCOCC1)Nc1ccccc1;173;200.98
CC(=O)O/C(=N\NC(=O)N)/C=C/c1ccccc1;174;148.16
CC([C@]12C[C@@H]2[C@H](/C(=N/NC(=O)N)/C1)C)C;174;117.18
N#C/C(=N\Nc1cccc(c1)C(F)(F)F)/C(=O)c1cccs1;174;159.9
COc1ccccc1/C=C(/c1nc2c(s1)cccc2)\C(=O)N;174;217.94
Brc1ccc(c(c1)Br)C(=O)O;174;115.86
c1ccc2c(c1)c1Cc3c(-c1cc2)cc1c(c3)cccc1;174.5;165.39
Oc1ccc2c(c1)CC=C1C2CCC2(C1CCC2O)C;174.5;157.75
Ic1ccc(c(c1)C(=O)O)Br;175;123.76
Cc1c[nH]c(n1)c1ccccc1;175;122.39
OC(=O)Cc1cccc(c1)CC(=O)O;175;141.93
NNC(=O)c1ccc(cc1)N(C)C;175;134.33
CC1C(=O)O[C@H]2[C@H]1CC[C@@]1(C2=C(C)C(=O)C=C1)C;175;128.37
COc1ccc(cc1[N+](=O)[O-])C(=O)N;175;155.27
O=C(C(C(F)(F)F)C(F)(F)F)Nc1cccc(c1)C;175;99.26
Nc1n[nH]cc1C#N;175;99.49
O=C1Nc2c3c1cccc3ccc2;175.5;142.63
[O-][N+](=O)c1cc([N+](=O)[O-])c(c(c1O)[N+](=O)[O-])O;175.5;176.73
c1ccc2c(c1)nc1c(n2)cccc1;176;113.02
CN(c1ccc(cc1)C1Sc2n(N1)c(nn2)c1ccc(cc1)[N+](=O)[O-])C;176;229.65
CC1=CC=CC2(N1C(=O)c1ccccc1C2)C;177;131.89
C/C(=N\c1ccc(c(c1)O)C(=O)O)/c1c(O)c2ccccc2n(c1=O)c1ccccc1;177;293.49
COC(=O)c1c(O)cc(cc1O)O;177;130.14
Clc1c(Cl)cc(c2c1oc1c2cccc1Cl)Cl;177;138.99
COc1ccc2c(c1OC)nc1c(c2OC)cco1;177;145.47
CCCc1nc(c(n1Cc1ccc(cc1)c1ccccc1c1nnn[nH]1)C(=O)OCc1oc(=O)oc1C)C(O)(C)C;177.5;349.84
CC(COC(=O)C1=C(C)NC(=O)NC1c1ccc2c(c1)OCO2)C;178;201.36
CCNc1nc(Cl)nc(n1)NC(C)(C)C;178;123.48
O=C1C[C@H]2C([C@]1(C)CC2)(C)C;178;28.07
NCCOCC(=O)O;178;206.88
CN1CCN(CC1)C(=O)OC1c2nccnc2C(=O)N1c1ccc(cn1)Cl;178;228.4
COc1c(OCc2ccccc2)cc(cc1OC)C(=O)O;178;170.07
[O-][N+](=O)c1ccc(c(c1)C(=O)N)Cl;179;152.96
CC(=O)Nc1ccc(cc1)Cl;179;103.63
Oc1ccc2c(c1)oc(=O)cc2C(F)(F)F;179;102.83
BrCc1ccc(cc1)CC(=O)O;179;103.14
ONC(c1ccc(cc1)N)C/C(=N/O)/c1ccccc1;179;188.86
O=C(c1cc(c(cc1NCc1ccco1)Cl)S(=O)(=O)N)OCOC(=O)c1ccccc1;179.35;245.29
COc1ccc2c(c1)CCC1C2CCC2(C1CC(C2=O)Cl)C;179.5;149.84
Brc1ccc2c(c1)c[n+](cc2)[O-];180;121.63
Cc1ccc(c(c1)C)CNC(=O)c1cc(cc(c1)[N+](=O)[O-])[N+](=O)[O-];180;224.11
OC(=O)Cc1ccc(cc1[N+](=O)[O-])[N+](=O)[O-];180;155.53
CCCCCCCN(C(c1cc2ccccc2c2c1cccc2)C(=O)NC(C)(C)C)C(=O)/C=C/C;180;288.51
FC(c1ccc(cc1)S(=O)(=O)N)(F)F;180;87.74
Clc1ccc(cc1)c1onc2c1cc(cc2)C(=O)Cl;180.35;162.81
Cc1cnc2c(n1)cccc2;180.5;64.26
CNc1ccccc1C(=O)O;180.5;84.14
Clc1cc(Cl)c2c(c1O)nccc2;181;122.64
CC(=O)Nc1c(Cl)cccc1Cl;181;123.02
O=C(Nc1ccccc1)OC1C=CC=CC(C1)OC(=O)Nc1ccccc1;181;161.07
CC1CS(=O)(=O)CCN1/N=C/c1ccc(o1)[N+](=O)[O-];181;169.77
C=CCN1CC[C@@]23[C@H]([C@H]1Cc1c3cc(cc1)O)CCCC2;181;154.24
O=C1C=CC(=O)c2c1c(Cl)c(cc2)Cl;181;117.48
[O-][N+](=O)c1cc(Cl)c(cc1N)Cl;181;113.77
ClC1=C(Cl)C2(C(C1(Cl)C1C2COS(=O)(=O)OC1)(Cl)Cl)Cl;181;170.31
C/C(=C/C=C/C(=C\C(=O)O)/C)/C=C/C1=C(C)CCCC1(C)C;181;147.95
COc1ccc2c(c1)c(CCN(C(C)C)C(C)C)c[nH]2;181;130.44
[O-][N+](=O)c1ccc(cc1)/C=C/C1OC(=O)c2c(C1)cccc2;181;181.56
CN(c1ccc(cc1)C1(OC(=O)c2c1ccc(c2)N(C)C)c1ccc(cc1)N(C)C)C;182;234.18
OC(=O)CS(=O)(=O)CC(=O)O;182;149.71
CC(C(c1ccccc1)(c1ccccc1)O)C(=O)O;182;149.32
CC(=O)OC1CCC2(C(=CC(=O)C3C2CCC2(C3CCC2=O)C)C1)C;182;178.83
Clc1ccccc1c1nnc(nn1)c1ccccc1Cl;182;197.87
CN(c1ccccn1)C;182;8.46
OC(=O)/C=C/c1ccc(cc1C(F)(F)F)F;182;76.37
Oc1ccc(cc1)C1CC(=O)c2c(O1)cccc2;182;146.01
O=C1CC[C@]2([C@]3([C@@H]1O3)C[C@@H](C2=O)[C@]1(O)CC[C@]2([C@]3([C@@H]1O3)CCC2=O)C)C;182.05;199.99
OC[C@H]([C@H]1O[C@H]2[C@@H]([C@H]1O)O[C@H](O2)C(Cl)(Cl)Cl)O;183;146
COC(=O)c1cc(cc(c1)C(=O)O)[N+](=O)[O-];183;146.98
COc1cc(C=O)cc(c1O)I;183;109.32
OC(=O)CC1=C(C)/C(=C/c2ccc(cc2)S(=O)C)/c2c1cc(F)cc2;183.5;218.24
COCCCNCC1COc2c(O1)cccc2;183.5;102.22
OC(=O)c1cccc(c1C)[N+](=O)[O-];184;118.46
COc1cc(F)c(c(c1)F)C(=O)O;184;74.32
[O-][N+](=O)c1cc([N+](=O)[O-])c(cc1C1C(=O)c2c(C1=O)cccc2)Cl;185;213.98
[O-][N+](=O)c1cc(/C=N\Nc2ccccc2)ccc1/C=N/Nc1ccccc1;185;217.58
Fc1ccc(c(c1)Cl)C(=O)O;185;68.75
CCCCNC(=O)C(c1cc2ccccc2c2c1cccc2)N(C(=O)Cc1ccccc1)Cc1ccco1;185;318.1
C/C(=N\c1ccccc1)/c1c(O)c2ccccc2n(c1=O)c1ccccc1;185;238.71
CC(CCCC(C1CCC2C1(C)CCC1C2CCC2C1(C)CCC(C2)O)C)C;185.5;161.74
Cc1nocc1C(=O)O;186;65.29
N#C/C(=C\c1c(Cl)cccc1Cl)/c1nc2c(n1C)cccc2;186;216.88
O=C1C(=Nc2c1cccc2)c1ccccn1;186;130.84
COc1ccc(cc1)CC(=O)N;186;114.02
OC(=O)c1cc(Cl)cc(c1)Cl;186;88.53
N#C/C(=C/c1ccc(cc1)O)/c1scc(n1)c1ccc(cc1)OC;186;222.08
O=C(COC(=O)c1ccccc1OC(=O)C)NCC(=O)N;186;212.31
O=C1CCC2(C(=C1)CCC1C2CCC2(C1CCC2(O)C#Cc1ccccc1)C)C;186;209.91
OC(=O)c1cccnc1C(F)(F)F;186;72.45
O=C(c1ccc(cc1)c1ccccc1)CCC(=O)O;186.1;161.99
OCC(NCC(=O)O)(CO)CO;187;251.7
COc1nc(nc(c1)OC)NC(=O)NS(=O)(=O)Cc1ccccc1C(=O)OC;187;249.9
NC(=O)C12CC3CC(C2)CC(C1)C3;187;119.03
[O-][N+](=O)c1c2NCCCc2c(c2c1NCCC2)[N+](=O)[O-];187;184.99
O=Cc1c[nH]c2c1ccc(c2)C;187;92.2
OC[C@H]1O[C@H](C[C@@H]1O)n1cc(c(=O)[nH]c1=O)C(F)(F)F;187.5;222.79
N#C/C(=N/Nc1cc(Cl)ccc1Cl)/c1scc(n1)c1ccc(cc1)C;188;228.53
OC1CCC2(C(C1)CCC1C2CCc2c1ccc(c2C)C)C;188;147.58
Clc1cc(Sc2cc(Cl)cc(c2O)Cl)c(c(c1)Cl)O;188;188.48
OCC(=O)C1C(C)CC2C1(C)CC(O)C1C2CC(C2=CC(=O)C=CC12C)F;188;204.9
S=C(N1CC(CC1c1ccccc1)c1ccccc1)Nc1ccccc1;188;207.04
FC(c1ccc2c(c1)Nc1c(S2)cccc1)(F)F;189;121.31
FC(Oc1ccccc1S(=O)(=O)N)(F)F;189;99.85
COc1cc(/C=N/NC(=O)c2ccncc2)ccc1OC;189;193.74
OB(c1ccccc1N)O;189;129.79
N#C/C(=C\c1ccccc1O)/c1nc2c(s1)cccc2;189;198.27
c1ccc2c(c1)c1sc3c(c1cc2)cccc3;189;148.75
[O-][N+](=O)c1cc(Cl)c(c(c1)Cl)N;189;113.77
O=C(c1ccc2c3c1c(ccc3CC2)[N+](=O)[O-])Cc1ccccc1;189;198.85
O=C1CC(=NN1c1ccccc1)c1ccc(cc1)[N+](=O)[O-];189;193.78
[O-][N+](=O)c1ccc2c(c1)c(C)c([nH]2)C;189;128.29
Oc1ccc(cc1)C1COc2c(C1)ccc(c2)O;189.5;155.69
O=c1oc2ccccc2c(c1CN1CCCCC1)N;190;161.71
c1ccc2c(c1)c(ccc2)/N=N/c1cccc2c1cccc2;190;158.22
CC(=O)c1ccc2c(c1)cc1c(c2)cccc1;190;124.44
Clc1ccc2c(c1)oc1c2c(Cl)cc(c1Cl)Cl;190;138.99
Clc1c(Cl)c(Cl)c(c2c1nccn2)Cl;190;125.02
CC[C@H]1OC(=O)[C@H](C)[C@@H](O[C@@H]2O[C@@H](C)[C@@H]([C@](C2)(C)OC)O)[C@H](C)[C@@H](O[C@@H]2O[C@H](C)C[C@@H]([C@H]2O)N(C)C)[C@](C[C@H](C(=O)[C@@H]([C@H]([C@]1(C)OCc1ccccc1S(=O)(=O)Cl)O)C)C)(C)O;191;349.84
COc1cc2oc(cc(=O)c2c(c1OC)O)c1ccc(c(c1)O)OC;191;212.82
Cc1cc(c(cc1Cl)C)S(=O)(=O)N;191;122.68
OCCN(c1ccc(c(c1)C)/N=N/c1ccc(cc1Cl)[N+](=O)[O-])CCO;192;227.19
COc1cccc(c1C(=O)N)F;192;107.44
O=C(c1ccccc1)OC1CCC2(C(C1)CC(=C)C1C2CCC2(C1CCC2OC(=O)c1ccccc1)C)C;192;225.37
NC(=O)c1ccc(cc1)Br;192;115.59
CCOc1ccc(cc1c1[nH]c(=O)c2n(n1)c(CCC)nc2C)S(=O)(=O)N1CCN(CC1)CC;192;341.98
O=C1c2ccccc2C(=O)c2c1c(ccc2N)Nc1ccccc1;192;218.2
OC[C@H]1O[C@H](C[C@@H]1O)n1cc(Br)c(=O)[nH]c1=O;192.5;238.77
CC(=O)O[C@]12[C@@H](O[C@]32C(=O)N(c2c3cccc2)C(=O)C)N(c2c1cccc2)C(=O)C;192.85;260.31
CC(=O)OC1(CCC2(C(C1)CCC1C2CCC2(C1CCC2O)C)C)C(=O)C;193;181.77
[O-][N+](=O)c1ccc(cc1)/C=N/n1c(=S)[nH]nc1C(F)(F)F;193;200.63
ON1C(C)(C)CC(CC1(C)C)NC(=O)NP(=O)(N1CC1(C)C)N1CC1(C)C;193;90.27
[O-][N+](=O)c1cc([N+](=O)[O-])c(cc1/C=C/c1ccccc1)/C=C/c1ccccc1N;193;241.7
Oc1ccc2c(c1)C1(C)CCCC(C1CC2)(C)C(=O)O;193.5;170.68
[O-][N+](=O)c1cc(ccc1F)S(=O)(=O)c1ccc(c(c1)[N+](=O)[O-])F;194;193.39
[O-][N+](=O)c1ccccc1SSc1ccccc1[N+](=O)[O-];194;177.92
CCC1=C(CCCC1)/C=N/Nc1ccc(cc1[N+](=O)[O-])[N+](=O)[O-];194;183.29
OC(=N)C/N=C(/c1cc(n(c1C)c1ccc(cc1)F)C)\O;194;193.28
OC(=O)CNc1ccc(cc1)S(=O)(=O)c1ccc(cc1)N;194;217.81
O=C1Nc2c(C1=O)cccc2F;194;129.22
NNC(=O)c1ccc(cc1O)N;195;167.06
N#CC12CC3CC(C2)CC(C1)C3;195;56
CCCCC(=O)OCC(=O)C1C(C)CC2C1(C)CC(O)C1(C2CC(C2=CC(=O)C=CC12C)F)F;195;221.6
Clc1ccc2c(c1)Oc1c(O2)c(Cl)c(c(c1Cl)Cl)Cl;195;159.07
NC(=O)c1ncccc1O;195;132.76
O=C1CCC2(C(=C1)CCC1C2CCC2(C1CCC2OC(=O)c1ccccc1)C)C;195;199.63
CCCCOC(=O)C(=O)C1C(C)CC2C1(C)CC(O)C1C2CC(C2=CC(=O)C=CC12C)F;195.1;218.51
OCC1OC(Oc2ccc(cc2)C(=O)C)C(C(C1O)O)O;195.5;203.86
Cc1ccc(c(c1)C)C(=O)N(C(C)(C)C)NC(=O)c1ccccc1;195.5;214.39
CC(CCc1ccccc1)NCC(c1ccc(c(c1)C(=O)N)O)O;195.5;228.46
OC(=O)c1oc2c(c1C)cccc2;196;110.38
CC(=O)NS(=O)(=O)c1ccc(cc1)NC(=O)c1ccccc1C(=O)O;196;288.54
CC[C@H]1OC(=O)[C@H](C)[C@@H](O[C@@H]2O[C@H](C)C[C@@H]([C@H]2O)N(C)C)[C@@H](C)C[C@H](C(=O)/C=C/[C@]1(C)O)C;196;255.27
CCOC1C(=O)NC2=C(C1=O)C(c1ccc(cc1)Br)c1c(O2)c2ccccc2oc1=O;196;293.48
O=C1C(O/C/1=C\1/C2CCC(C1=O)(C2(C)C)C)C1C2CCC(C1=O)(C2(C)C)C;196;193.99
O=C(c1ccccc1)Oc1ccc2c(c1)CC[C@@H]1[C@@H]2CC[C@]2([C@H]1CC[C@@H]2O)C;196;202.8
C#CC1(O)CCC2(C(C1)CCC1C2CCC2(C1CCC2OC(=O)C)C)C;196;169.96
OC[C@H]1OC(=C[C@H]([C@H]1O)O)/C(=N)/OC;196;135.32
CN(CCC=C1c2ccccc2CCc2c1cccc2)C;196.5;134.41
Cc1cc(O)[nH]c(=O)c1;197;117.29
Cc1cnc2c(n1)ncnc2;197;90.92
[O-][N+](=O)c1cc(ccc1Nc1ccccc1O)[N+](=O)[O-];197.5;183.89
O=C1C[C@H]2C(C)(C)CCC[C@@]2(C2=C1C(=O)C(=C(C2=O)O)C(C)C)C;198;201.23
c1ccc2c(c1)C=Cc1c(N2)cccc1;198;104.46
Cc1ccc(cc1/C=C/c1ccc(cc1)c1ccc(cc1)/C=C/c1cc(C)ccc1C)C;198;236.96
O=C(c1ccccc1)Nc1ccc(cc1)[N+](=O)[O-];198;181.85
COc1ccccc1C1(C)CCc2c(-c3c1cc(o3)C)c1c(o2)ccc(c1)Cl;198;210.58
CC/C(=C\C)/C(=O)NC(=O)N;198;151.66
OCC1OC(OC(=O)C2(C)CCCC3(C2CCC24C3CCC(C2)C(C4)(CO)OC2OC(CO)C(C(C2O)O)O)C)C(C(C1O)O)O;198;349.84
OC[C@H]1O[C@@H]([C@@H]([C@@H]1O)O)n1cnc2c1cc(C)c(c2)C;198.5;215.91
O/N=C(/c1ccc2c(c1)n(c(n2)N)S(=O)(=O)C(C)C)\c1ccccc1;198.5;263.15
CCCN(S(=O)(=O)c1ccc(cc1)C(=O)O)CCC;199;179.91
CC(=O)Nc1ccc(cc1C)[N+](=O)[O-];199;148.78
OC[C@H]1O[C@@H](Oc2ccc(cc2)O)[C@@H]([C@H]([C@@H]1O)O)O;199.5;199.53
CCOc1ccc2c3c1OC1[C@@]43CCN([C@H](C2)C4C=CC1O)C;200;173.98
COc1ccccc1P(c1ccccc1OC)c1ccccc1OC;200;167.32
Oc1ccc(c(c1)O)/N=N/c1ccc(cc1)[N+](=O)[O-];200;178.04
OC[C@@]12[C@H](O)C[C@@H](C[C@@]2(O)CC[C@@H]2[C@@H]1[C@H](O)C[C@]1([C@]2(O)CC[C@@H]1C1=CC(=O)OC1)C)O[C@@H]1O[C@@H](C)[C@@H]([C@H]([C@H]1O)O)O;200;349.84
O=C(C(C(F)(F)F)C(F)(F)F)Nc1cccc(c1)[N+](=O)[O-];200;141.71
O=C(N(C(C)(C)C)NC(=O)c1ccccc1)c1c(F)c(F)c(c(c1F)F)F;200.5;197.31
O[C@@H]1CC[C@]2([C@@H](C1)C[C@H]([C@@H]1[C@@H]2C[C@H](O)[C@]2([C@H]1CC[C@@H]2[C@@H](CCC(=O)O)C)C)O)C;201;233.42
OC(=O)c1coc2c(c1=O)cccc2;201;127.48
CC(=O)C1C(=O)C2(C(C1CC2)(C)C)C;201;68.46
OC(=O)CCC(C(=O)O)N;201;228.35
CC(=O)Nc1c(C)n(n(c1=O)c1ccccc1)C;202;192.07
Nc1ccc2c(n1)[nH]c1c2cccc1;202;147.79
CC(=O)Oc1ccccc1C(=O)Nc1ncc(s1)[N+](=O)[O-];202;210.13
COC(=O)[C@]12c3ccccc3[C@@]34[C@@]2([C@@H]1c1ccccc31)C(=O)O[C@@H]4C;202.85;189.71
OC(=O)Cn1cncn1;203;91.87
CNc1c(C=O)c(=O)n(c(=O)n1C)C;203;164.68
[O-][N+](=O)c1cc(ccc1N/N=C/1\Cc2c1cccc2)[N+](=O)[O-];203;187.35
C#CC1(O)CCC2C1(C)CCC1C2CCC2=CC(=O)CCC12;203.5;161
OC(=O)c1cccc2c1OC(O2)(F)F;204;101.42
Fc1ccc(cc1)C1C2=C(Nc3c1c1ccccc1cc3)CC(CC2=O)(C)C;204;215.32
[O-][N+](=O)/C=C/c1cccc(c1)/C=C/[N+](=O)[O-];204;113.1
OCC(=O)[C@@]1(O)C[C@H](O[C@H]2C[C@H](N)[C@@H]([C@@H](O2)C)O)c2c(C1)c(O)c1c(c2O)C(=O)c2c(C1=O)cccc2OC;204.5;344.53
BrCc1c(CBr)c(CBr)c(c(c1CBr)C)C;205;155
[O-][N+](=O)N1CN(CN(C1)[N+](=O)[O-])[N+](=O)[O-];205;132.76
[O-][N+](=O)c1ccc(cc1)NN=Cc1cccc2c1c(ccc2Br)[N+](=O)[O-];205;228.34
Oc1ccc(cc1)N=Nc1ccccc1C(=O)O;206;164.45
O=C1N(/N=C/c2ccc(o2)[N+](=O)[O-])CC(=O)N1CN1CCOCC1;206;226.9
O=C1C=C[C@]2(C(=C1)C(=O)C[C@@H]1[C@@H]2CC[C@]2([C@H]1CCC12OCCO1)C)C;206.85;183.42
O=C(c1ccc(c(c1)Cl)Cl)Nc1ccc2c(c1)nn(n2)C1CCCC1;207;236.17
Oc1cccc(c1)N1CCNCC1;207;108.88
Clc1cc(Cl)cc(c1)c1n[nH]nn1;207;147.96
[O-][N+](=O)c1cc2cc(cc(c2c(c1)[N+](=O)[O-])[N+](=O)[O-])[N+](=O)[O-];207;187.22
Cc1ccc(cc1)N/C(=N/c1ccc(cc1)C)/c1cc(c(c(c1)C(C)(C)C)O)C(C)(C)C;207;226.33
CCCN1C[C@H](CSC)C[C@H]2[C@H]1Cc1c[nH]c3c1c2ccc3;207.5;181.97
OCC(=O)[C@@]1(O)CC[C@@H]2[C@]1(C)CC[C@H]1[C@H]2CCC2=CC(=O)CC[C@]12C;208;197.56
O=C1OCc2c1c(Cl)c(Cl)c(c2Cl)Cl;208;118.6
C=CCN1CCC23C4C1Cc1c3c(OC2C(C=C4)O)c(cc1)O;208.5;184.22
CCOC(=O)C1=C(C)NC(=O)NC1c1cccc(c1O)OC;209;199.43
Cc1cc(/N=N/c2ccc(cc2)/N=N/c2ccccc2)ccc1/N=N/c1ccc(cc1)/N=N/c1ccccc1;209;284.54
O=C(c1ccccc1)NC1CCN(CC1)CCc1cc2c([nH]1)cccc2;209;241.2
O=CC1(C)CCCC23C1CC(OC2=O)C12C3C(OC(=O)C)CC(C2O)C(=C)C1=O;209;227.97
CCCc1cnc(nc1)S;209;53.46
COC1C=CC23C(C1)N(C)CC3(O)OCc1c2cc2OCOc2c1;210;179.5
Clc1ccc(c(c1)O)C(=O)O;210;114.37
OC(=O)c1c(O)c(Cl)cc(c1Cl)Cl;210;141.48
O[C@H](COc1cccc2c1CCCC2=O)CNC(C)(C)C;210;153.64
O=CC1=CC2(C)C(=CC1=O)CCC1C2C(O)CC2(C1CCC2(C)O)C;210.5;197.64
N#Cc1ccccc1C(=O)O;211;94.56
S=c1sc2c(n1CSc1nc3c(s1)cccc3)cccc2;211;228.14
O=C(C1=C(O)c2sccc2S(=O)(=O)N1C)Nc1ccccn1;211;248.6
COc1ccc(cc1)c1coc2c(c1=O)c(O)cc(c2)O;212;190.73
O=C(ON1C(=O)CCC1=O)CCCC[C@@H]1SC[C@H]2[C@@H]1NC(=O)N2;212;250.66
O=c1c2ccccc2sc2c1cccc2;212;121.66
OC(=O)[C@@H](Cc1ccccc1Cl)N;212;283.43
COC(=O)c1nc(Cl)c(nc1N)N;212.5;138.85
Clc1ccc(cc1)C1C2=C(CC(CC2=O)(C)C)N(C2=C1C(=O)CC(C2)(C)C)CCN1CCN(CC1)C(=O)C;212.85;282.26
CCC1(C(=O)NC(=O)NC1=O)C1=CC2CC(C1)CC2;213;251.87
N#C/C(=C/c1ccco1)/c1sc(c(n1)C)/N=N/c1ccccc1[N+](=O)[O-];213;224.22
O[C@@H]1C[C@@H]2C([C@@]1(C)CC2)(C)C;214;26.56
c1ccc(cc1)N1CSc2n(C1)c(nn2)c1cccnc1;214;189.74
Fc1cccc(c1)B(O)O;214;87.56
CCC1CC2CN3C1C(C2)c1[nH]c2c(c1CC3)ccc(c2)OC;214;183.52
OC(=O)c1cc(nc2c1cccc2)c1ccccc1;215;184.17
BrCc1cccc(c1)B(O)O;215;129.66
OCC(=O)C1(O)CCC2C1(C)CCC1C2CCC2=CC(=O)CCC12C;215;197.56
Oc1ccc(cc1)C(=O)O;215;93.83
CSc1ccc(cc1)c1n[nH]nn1;215;146.11
ClC1=C(Nc2ccccc2)C(=O)c2c(C1=O)cccc2;215;173.94
COC(=O)c1cc2c(=O)oc3c(c2nc1C)cccc3;215;168.2
BrC(CC1(C(=O)C2(C(C1CC2)(C)C)C)C1(CC(Cc2ccccc2)Br)C(=O)C2(C(C1CC2)(C)C)C)Cc1ccccc1;215;286.82
Oc1cc(O)c2c(c1)oc(c(c2=O)O)c1ccccc1;215;203.5
OC(=O)/C=C/C=C/c1ccc2c(c1)OCO2;215;133.57
CC(=O)Oc1c(I)cc(cc1C(=O)Nc1ccc(cc1)Cl)I;215.5;233.36
COC(=O)C1=C(N)Oc2c(C1c1cccc(c1)[N+](=O)[O-])c(=O)n(c(c2)C)CCc1ccccc1;216;274.05
COc1cc(/C=N/N=C/c2ccc(c(c2)OC)OCc2ccccc2)ccc1OCc1ccccc1;216;254.81
CCOC(=O)C1=C(C)NC(=O)NC1c1ccccc1Cl;217;180.84
Clc1ccc(cc1)C=C1SC(=S)N(C1=O)CNc1ccc(cc1)[N+](=O)[O-];217;264.22
OC(=O)C1(C(=O)O)C2C1CCCCCC2;217;142.93
Oc1cc(O)cc(c1)O;218;96.22
OC(=O)CSc1ccccc1C(=O)O;218;156.67
CNC[C@@H](c1ccc(c(c1)O)O)O;218;123.68
CCOC(=O)C12C(c3ccccc3O[P@]2(=O)OCC)C2(C1c1ccccc1O[P@]2(=O)OCC)C(=O)OCC;218;90.27
COc1ccc2c3c1OC1C43CCN(C(C2)C4(O)CCC1=O)C;219;179.32
COc1ccc2c3c1O[C@@H]1[C@@]43CCN([C@H](C2)[C@]4(O)CCC1=O)C;219;179.32
O=C1NC(=O)c2c1cccc2[N+](=O)[O-];219;203.33
O=C1CC[C@]2(C(=C1)C(=C[C@@H]1[C@@H]2CC[C@]2([C@H]1CC[C@]2(O)C(=O)C)C)C)C;219;182.93
OC(=O)CCC(C1CCC2C1(C)C(=O)CC1C2C(O)CC2C1(C)CCC1(C2)OCCO1)C;219;237.93
CC(=O)Nc1ccc(cc1)S(=O)(=O)N;219.5;174.72
Clc1cc(NCc2cccs2)c(cc1S(=O)(=O)N)c1n[nH]nn1;219.5;255
NC(=O)N/N=C/1\C=C(C)CCC1C(C)C;220;113.62
OCC1OC(CC1O)n1cnc2c1NC=NCC2O;220;247.24
CC1OC(=O)c2c(C1)ccc(c2O)C(=O)NC(C(=O)O)Cc1ccccc1;221;273.48
COc1ccccc1C1Sc2n(N1)c(nn2)c1cccnc1;221;201.12
O=C1OC(C)(C)OC(=O)C1=Cc1ccc(o1)c1ccc(cc1)[N+](=O)[O-];221;231.24
COC1C(O)C(OC2CCC3(C(C2)CCC2C3CCC3(C2(O)CCC3C2=CC(=O)OC2)C)C)OC(C1O)C;221;284.07
CC1=NCCNc2c1c(=O)n(c1c2cccc1)c1ccccc1;221;206.38
COc1ccc2c(c1)/C(=N/Nc1ccc(cc1[N+](=O)[O-])[N+](=O)[O-])/C2;221;198.4
CCOC(=O)C1=NN(C(=O)C1C(C1C(=NN(C1=O)c1ccccc1)C(=O)OCC)Cl)c1ccccc1;221;289.78
Oc1ccc2c(c1)CC[C@@H]1[C@@H]2CC[C@]2([C@H]1CC[C@H]2O)C;221.5;152.43
Nc1nc(cs1)/C(=N\OCC(=O)O)/C(=O)N[C@H]1[C@H]2SCC(=C(N2C1=O)C(=O)O)C=C;221.5;335.42
O=C1CC[C@]2(C(=C1)C(=O)C[C@@H]1[C@@H]2CC[C@]2([C@H]1CCC2=O)C)C;221.85;174.14
N#Cc1cccc(c1)C(=O)O;222;94.56
O=C1NN=C(C1)C;222;99.67
COc1cc2CNCCc2cc1O;222;111.75
Nc1ccc(cc1)S(=O)(=O)NC(=O)c1ccc(c(c1)C)C;222.5;224.96
CC[C@@]1(O)C(=O)OCc2c1cc1-c3nc4ccc(cc4c(c3Cn1c2=O)CC)OC(=O)N1CCC(CC1)N1CCCCC1;222.5;348.88
O=C1CCC2(C(=C1)CCC1C2CCC2(C1CCC2(O)C(=O)C)C)C;222.5;177.26
O=C(NC(=O)c1c(F)cccc1F)Nc1cc(Cl)c(c(c1F)Cl)F;222.5;218.68
Nc1ccc2c(c1)oc(=O)cc2C(F)(F)F;223;107.6
O=C(C(C(F)(F)F)(C(F)(F)F)C(F)(F)F)Nc1ccc(cc1)C(=O)C;224;128.92
[O-][N+](=O)c1ccc2c(c1)nc([nH]2)C;224;152.51
O=C1OC(c2c1cccc2)(c1ccc(c(c1)C)O)c1ccc(c(c1)C)O;224;229.24
FC(c1nnc(s1)N)(F)F;225;78.28
[O-][N+](=O)c1ccc(cc1)C1Nn2c(S1)nnc2c1ccccc1;225;213.54
OC(=O)/C=C/c1c[nH]cn1;225;130.75
O=c1n(Cl)c(=O)[nH]c(=O)n1Cl;225;193.6
OC(=O)/C=C/c1ccc(c(c1)O)O;225;144.43
OC(=O)CC(c1ccc(cc1)C(=O)O)C;225;143.34
OCC1CC(C(O1)n1cnc2c1ncnc2N)O;225.5;213.06
COc1ccccc1c1nnc2n1NC(S2)c1ccco1;226;189.17
CC1(C)c2cccc(c2Oc2c1cccc2P(c1ccccc1)c1ccccc1)P(c1ccccc1)c1ccccc1;226;301.99
CCOc1ccc2c(c1)c(N)c1c(n2)cc(cc1)N;226;191.17
CC1C/C(=N\NC(=O)N)/c2c1ccc(c2)C;227;137.02
O=C1C2CC3=C(CC2C(=O)C2C1CC1=C(C2)CC=CC1)CC=CC3;227;182.03
OC(=O)c1ccc(c(c1)O)I;227;126.79
CC1(C)C=Nc2c1cccc2;228;36.78
Clc1ccc2-n3cnnc3CN=C(c2c1)c1ccccc1;228.5;180
OCCC1=C(C)N2C(=Nc3c(C2)cnc(n3)C)S1;228.8;170.57
O=C(c1c(O)cccc1O)Nc1ccc(cc1)Br;229;202.72
O=C1C=C(C)C(=O)C(=C1C1=C(O)C(=O)C(=CC1=O)C)O;230;220.48
COC(=O)[C@@H]1[C@@H](OC)[C@@H](C[C@H]2[C@@H]1C[C@H]1N(C2)CCc2c1[nH]c1c2cccc1)OC(=O)c1cc(OC)c(c(c1)OC)OC;230.5;286.72
Oc1c2C=CC(Oc2cc2c1c(=O)c1c(o2)c(O)ccc1)(C)C;230.85;200.85
CC1=Nc2ccccc2Sc2c1c(=O)n(c1c2cccc1)c1ccccc1;231;234.64
NC(=O)N/N=C/c1ccccc1;231;98.57
O=C1c2ccccc2C(=O)c2c1cccc2[N+](=O)[O-];231.5;174.89
O=C(c1ccncc1)N/N=C/c1ccccc1O;232;187.92
Clc1ccc(c(c1)N)C(=O)O;232;114.19
Oc1ccc(c2c1cccc2)C(c1ccc(c2c1cccc2)O)(c1ccccc1)O;232.5;259.57
[O-][N+](=O)c1cc2[N+](=C(C(=O)c2cc1/C=C/c1ccccc1)c1ccccc1)[O-];233;287.4
OC1CCC2(C(=CCC3C2CCC2(C3CC3=C2OC(=O)C(C3c2ccccc2)(C)C)C)C1)C;233;241.3
c1ccc(cc1)/N=N/c1ccc(cc1)/N=N/c1ccc(cc1)/N=N/c1ccccc1;233;206.5
CC(=O)N(c1cc(N(c2ccccc2)C(=O)C)c(cc1[N+](=O)[O-])[N+](=O)[O-])c1ccccc1;233;270.53
c1ccc(cc1)Oc1nc(nc(n1)Oc1ccccc1)Oc1ccccc1;233.5;208.59
COC(=O)CCC(C1CCC2=C3C(CC(C12C)OC(=O)C)C1(C)CCC(CC1CC3)OC(=O)C)C;234;192.79
COc1cc(cc(c1OC)OC)C1C2C(=O)OCC2Cc2c1cc1OCOc1c2O;234;242.04
OC(=O)c1cccnc1Nc1cccc(c1C)Cl;234;170.8
Ic1ccc(cc1)C(=O)N(C(C)(C)C)NC(=O)c1ccccc1;234.5;226.42
c1ccc2c(c1)cc(cc2)Nc1ccc(cc1)Nc1ccc2c(c1)cccc2;235;231.27
O/N=C/c1ccc2c(c1)C(=O)c1c(C2=O)c(Cl)c(c(c1Cl)Cl)Cl;235;221.35
N#CC(=C1CCCC1)c1nc2c(s1)cccc2;235;151.8
O=C1NC(=O)NC1(C1CCC1)c1ccccc1;235;201.91
O=C(c1ccc(s1)[N+](=O)[O-])N/N=C/C=C/c1ccc(o1)[N+](=O)[O-];235.5;226.89
CC(=O)c1ccc2c(c1)oc(=O)[nH]2;236;116.38
Cc1cc2CCCS(=O)(=O)c2cc1S(=O)(=O)N;236.5;181.49
OCC(c1c(O)c(O)c2c(c1O)C(=O)C(=C1C2(C)CCCC1(C)C)O)C;237;244.36
O=C1CC2CC(CCC2(C2C1C1CCC(=O)C1(CC2)C)C)C(=O)C;237;173.39
OC(=O)c1cc(I)c(c(c1)I)O;237;163.77
OC(=O)CC[C@H]([C@H]1CC[C@@H]2[C@]1(C)C(=O)C[C@H]1[C@H]2C(=O)C[C@H]2[C@]1(C)CCC(=O)C2)C;237;228.36
CC(=O)Nc1ccc(cc1)c1ccc(cc1)/N=N/c1ccccc1;237;221.16
C/C(=N\c1ccc(cc1)C(=O)O)/c1c(O)c2ccccc2n(c1=O)c1ccccc1;237;277.22
[O-][N+](=O)c1c(Cl)cccc1C(=O)O;237;125.62
OB(c1cccc(c1Cl)Cl)O;238;124.8
CC(=O)OC1CC2C(=C)C(=O)C3(C1C14C(CCC(C4CC3OC1=O)(C)C)OC(=O)C)C2O;238;227.89
CCOC(=O)c1nn(c(c1C(=O)C1=NOC2C1C(=O)N(C2=O)c1ccc(cc1)Br)C)c1ccc(cc1)C;239;329.72
Fc1ccc(cc1)CC1Nc2cc(Cl)c(cc2S(=O)(=O)N1)S(=O)(=O)N;239;244.2
CC1=C(NNc2ccccc2C(=O)O)C(=O)N=N1;239;193.04
[O-][N+](=O)c1cc([N+](=O)[O-])c(cc1c1nc2ccccc2nc1C)c1nc2ccccc2nc1C;239;297.18
O=C(c1ccccc1)NNC(=O)c1ccccc1;239;206.21
Oc1ccc2c(c1)CC=C1C2CCC2(C1CCC2=O)C;239;158.4
NC(=O)N/N=C(/C1=CC[C@]2([C@H](C1)CCC1C2CCC2=C1CCC2(C)C)C)\C;239;203.43
Clc1cc2c(c(c1Cl)Cl)oc1c2cc(Cl)c(c1Cl)Cl;239.5;173.44
COc1ccccc1c1nnc2n1CN(CS2)c1ccccc1C;240;203.66
OB(c1ccc(c(c1)C)Cl)O;240;117
Brc1ccc(c(c1)F)B(O)O;240;120.79
COc1cc(ccc1OC)B(O)O;240;130.93
N#C/C(=C\c1cccc(c1)O)/c1nc2c(n1C)cccc2;241;215.69
Oc1ccc(cc1)c1cc(=O)c2c(o1)ccc(c2)C;241;161.51
COc1ccc(cc1)C(=O)C1=NN(C2C1C(=O)N(C2=O)c1cc(Cl)ccc1Cl)c1ccccc1;241;302.54
CNCCS(=O)(=O)O;241.5;72.72
N/N=C/1\c2ccccc2C(=O)C1C(=O)C(c1ccccc1)c1ccccc1;242;216.68
CSc1ncc(c(n1)N)C#N;242;115.94
CC(=O)N1N=C(C[C@@H]1c1ccc(c(c1)Cl)Cl)c1ccc2c(c1)cccc2;242.35;219.74
OC(=O)c1cccc(c1)/N=C(/c1c(O)c2ccccc2n(c1=O)c1ccccc1)\C;243;277.22
COc1cc(cc(c1O)OC)C1C2C(=O)OCC2C(c2c1cc1OCOc1c2)OC1OC2COC(OC2C(C1O)O)c1cccs1;244;349.84
O=C1N(C)C(=C)/C(=N/Nc2cc(Cl)c(cc2Cl)Cl)/C(=O)N1C;244;216.8
Oc1c(Br)c(Br)c(c(c1Br)Br)O;244;156.06
COC(=O)COc1ccccc1;245;16.29
Nc1nnc(s1)c1ccncc1;245;152.35
COc1cc(cc(c1OC)OC)B(O)O;245;144.38
CN(c1ccc(cc1)C=C1C(=O)NC(=O)NC1=O)C;245;260.58
Fc1cc(ccc1c1ccccc1)B(O)O;246;152.2
Nc1nn2c(c1/N=N/c1cccc(c1)[N+](=O)[O-])nc(cc2C(F)(F)F)c1cccs1;246;246.1
[O-][N+](=O)c1ccc(cc1)C1Nn2c(S1)nnc2c1cccnc1;246;216.08
[O-][N+](=O)c1cnc(c(c1)C(=O)O)O;246;149.49
Nc1nc2cccc(c2c(n1)N)F;247;135.64
OC(=O)/C=C/c1ccccc1[N+](=O)[O-];247;124.44
CCOc1ccc2c(c1)[nH]c(n2)S;249;144.81
CC(=O)Nc1cccc2c1ccc1c2nc(c(n1)c1ccccc1)c1ccccc1;249;285.04
Clc1ccc(c(c1)Cl)C(C1C(=O)N(N=C1C(F)(F)F)c1ccccc1)O;249;205.96
Brc1ccc2c(c1)c(=O)[nH]cc2;249;136.05
O=C1OCC(=C1)C1CC[C@]2([C@]1(C)[C@H](O)C[C@H]1[C@H]2CC[C@H]2[C@]1(C)CC[C@@H](C2)O[C@H]1C[C@H](O)[C@@H]([C@H](O1)C)O[C@H]1C[C@H](O)[C@@H]([C@H](O1)C)O[C@H]1C[C@H](O)[C@@H]([C@H](O1)C)O)O;249;349.84
Nc1cc(N)nc(n1)N;250;121.48
O=C(NN1C(=O)CSC1c1ccccc1Cl)CCn1c(C)nc2c1cccc2;250;297.71
Oc1ccc2c(c1/N=N/c1ccc(cc1)[N+](=O)[O-])cccc2;250;194.88
O=C(c1cc(cc(c1)[N+](=O)[O-])[N+](=O)[O-])NCc1ccc(cc1)[N+](=O)[O-];251;239.29
Clc1ccc(cc1)/N=N/c1c(N)nn2c1nc(C)cc2C(F)(F)F;251;185.68
NNC(=O)c1ccc(c(c1)N)O;251;167.06
OB(c1cc(F)c(c(c1F)F)F)O;253;92.98
O=C1C=CC2(C(N1)CCC1C2CCC2(C1CCC2C(=O)NC(C)(C)C)C)C;253;236.17
O=C(c1ccccc1)Nc1ccc(cc1)/C=C/c1ccc(cc1)NC(=O)c1ccccc1;253;297.34
O=C1CC[C@]2(C(=C1)CC[C@@H]1[C@@H]2CC[C@]2([C@H]1CC[C@@H]2C(=O)O)C)C;253.85;181.19
O=C1OCC(=C1)C1CCC2(C1(C)CCC1C2CCC2C1(C)CCC(C2)OC1CC(O)C(C(O1)C)OC1CC(O)C(C(O1)C)OC1CC(O)C(C(O1)C)O)O;255.5;349.84
OC(=Nc1ccc(c(c1)Cl)Cl)Nc1ccc(cc1)Cl;255.6;161.22
c1ccc2c(c1)Oc1c(O2)nc2c(n1)cccc2;256;153.33
O=C1OC(=O)c2c1c(Cl)c(c(c2Cl)Cl)Cl;256;111.11
C#CC1(O)CCC2C1(C)CCC1C2CCC2C1(C)CCC(C2)O;257;164.63
N#Cc1c(N)cc(nc1Br)N;257;136.91
NNc1ncnc2c1cnn2C;257;132.02
Oc1ccc2c(c1)ccc1c2CCC2(C1CCC2=O)C;258.5;171.67
OCC1(C)NC(CC2C1Nc1c2cccc1)C(=O)O;260;310.32
COC(=O)Nc1[nH]c2c(n1)cc(cc2)C(=O)c1ccc(cc1)F;260;222.16
N[C@H](C(=O)O)CSSC[C@@H](C(=O)O)N;260.5;301.29
OCC(=O)[C@@]1(O)CC[C@@H]2[C@]1(C)C[C@H](O)[C@]1([C@H]2CCC2=CC(=O)CC[C@]12C)F;261;212.2
COc1ccc(cc1/C=C/C(=O)n1cnc2c1ncnc2N)OC;261;231.38
OCC(CO)(CO)CO;262;88.67
O=C1NN=C(/C/1=C/c1ccc(cc1)N(C)C)c1c(O)c2ccccc2n(c1=O)C;262;302.86
O=Cc1ccc(cc1)B(O)O;263;121.61
Nc1c(N)ccc2c1nc1ccccc1n2;264;177.24
COc1ccc(cc1)NN=C1C(=O)NC(=O)NC1=O;264;266.41
CC(=O)Nc1ccccc1/C=C/c1cc(/C=C/c2ccccc2)c(cc1[N+](=O)[O-])[N+](=O)[O-];265;277.6
N#CC1=C(C#N)C(=O)C(=C(C1=O)NCCc1ccccc1)Cl;266;216.24
COC(=O)[C@H]1[C@@H](O)CC[C@@H]2[C@@H]1C[C@H]1N(C2)CCc2c1[nH]c1c2cccc1;268;213.51
COc1cc2O[C@@H]3[C@H](c2c2c1c1CCC(=O)c1c(=O)o2)C=CO3;268.5;200.47
Clc1cc2NCNS(=O)(=O)c2cc1S(=O)(=O)N;269;202.29
CC1CCc2c(N1C(=O)c1ccccc1)cc1c(c2)N(C(CC1)C)C(=O)c1ccccc1;270;252.87
OC(=O)c1cc(Br)c(c(c1)Br)O;271;147.42
O=C1c2ccccc2C(=C1c1ccccc1)N;271;133.79
C/C(=N\Nc1ccc(cc1)[N+](=O)[O-])/c1nc2c(nc1C)ccc1c2cccc1;271;235.55
OC(CS(=O)(=O)O)CNC1CCCCC1;272;148.83
c1ccc(cc1)[P+](c1ccccc1)(c1ccccc1)c1ccccc1;273;171.83
COc1ccc(cc1)CNC(=O)C(=O)c1c[nH]c2c1cc(cc2)[N+](=O)[O-];274.5;253
CC1Cc2c(N1C(=O)C)cc1c(c2)cc([nH]1)C;275;150.14
N#CC1=C(N)Oc2c(C1c1ccccc1)c(=O)n(c(c2)C)Cc1ccccc1;276;246.72
OC1=N/C(=N\c2ccccc2)/S/C/1=C\c1cc(n(c1C)c1ccccn1)C;277;238.25
O=C1CN2C3CC1C[C@@H]2CC(C3)OC(=O)c1c[nH]c2c1cccc2;278;200.49
OCC12C(O)CCC(C2CC(C23C1C(O)CC(C2O)C(C3=O)C)O)(C)C;278;231.12
O=C1OC(c2c1cccc2)(c1cc(Br)c(c(c1)Br)O)c1cc(Br)c(c(c1)Br)O;278.5;275.77
Fc1ccc(cc1)C1C2=C(Nc3c1ccc1c3cccc1)CC(CC2=O)(C)C;279;215.32
O=C1CN(C(=O)N1)/N=C/c1ccc(o1)c1ccc(cc1)[N+](=O)[O-];279.5;258.49
NC(C(=O)O)CC1CC1=C;282;296.12
N[C@H](C(=O)O)Cc1c[nH]cn1;282;255.52
O=C1N(N=C(C1/C=C/1\C(=NN(C1=O)c1ccccc1)c1ccc(cc1)[N+](=O)[O-])c1ccc(cc1)[N+](=O)[O-])c1ccccc1;284;349.84
O=C1c2ccccc2C(=O)c2c1cccc2;285;127.58
S=P(=S)SP(=S)=S;285;64.22
COc1cc2nc(nc(c2cc1OC)N)N1CCN(CC1)C(=O)c1ccco1;285;239.19
CCCCc1cc2c(cc1OCc1ccccc1)[nH]cc(c2=O)C(=O)OC;287.5;210.21
N#CC(=C1C(=O)NN(C1=O)c1ccccc1)C#N;289;226.99
OC(=O)c1cc(O)c2c(n1)c(O)ccc2;289;172.87
OB(c1cccc2c1oc1c2cccc1)O;289;177.93
O=C1c2ccccc2C(=O)c2c1ccc(c2N)N;290;188.65
COc1ccc(cc1)Nc1nc(N)nnc1c1ccccc1;293;212.35
COc1cc(O)c2c(c1)oc(c(c2=O)O)c1ccc(c(c1)O)O;295;230.82
CCn1c(=O)c(/C=C/2\C(=O)NN=C2c2c(O)c3ccccc3n(c2=O)C)c(c2c1cccc2)O;295;349.84
O=C1C=C2[C@@H]3C[C@](C)(CC[C@]3(C)CC[C@]2([C@]2([C@H]1[C@@]1(C)CC[C@@H](C([C@@H]1CC2)(C)C)O)C)C)C(=O)O;296;239.7
O=C1C=CC2(C(=C1)C(C)CC1C2(F)C(O)CC2(C1CCC2(O)C(=O)C)C)C;297;196.47
Oc1cc(O)c2c(c1)oc(=O)cc2C;299;140.43
Nc1nc(N)c2c(n1)nc[nH]2;302;179.75
c1scc(n1)c1nc2c([nH]1)cccc2;304.5;181.09
OC(=O)c1cc2ccccc2c(c1O)Cc1c(O)c(cc2c1cccc2)C(=O)O;315;286.68
c1ccc2c(c1)c1ccc3c4c1c(c2)ccc4c1c(c3)cccc1;317;215.68
Cc1cc2nc3-c(n(c2cc1C)C)nc(=O)[nH]c3=O;320;231.27
OC(=O)c1ccc(c2c1cccc2)C(=O)O;323;176.29
Oc1cc(O)c2c(c1)oc(cc2=O)c1ccc(c(c1)O)O;329.5;212.22
S=C1NC(=O)C(=NNc2ccccc2[N+](=O)[O-])C(=O)N1;330;266.4
OC(=O)c1ccc(cc1)Oc1ccc(cc1)C(=O)O;331;188.11
NC(=O)c1ccc(cc1)C(=O)N;332;170.28
COc1ccc(cc1N/N=C\1/C(=O)C(=Cc2c1cccc2)C(=O)Nc1cccc(c1)[N+](=O)[O-])[N+](=O)[O-];335;315.46
OCC(=O)[C@@]1(O)C[C@H](O[C@H]2C[C@H](N)[C@H]([C@@H](O2)C)O)c2c(C1)c(O)c1c(c2O)C(=O)c2c(C1=O)cccc2OC;344.53;344.53
Oc1c2cccc1Cc1cccc(c1O)Cc1cccc(c1O)Cc1c(c(Cc3c(c(Cc4c(c(C2)ccc4)O)ccc3)O)ccc1)O;418;349.84
COC(=O)C(NC(=O)COC(=O)CC1=CC=CC=CC1NC1=C(Cl)C=CC=CC1Cl)CC(C)C;505;255.91
